-- phpMyAdmin SQL Dump
-- version 5.2.0
-- https://www.phpmyadmin.net/
--
-- Host: 127.0.0.1
-- Generation Time: Dec 01, 2022 at 02:33 PM
-- Server version: 10.4.27-MariaDB
-- PHP Version: 8.1.12

SET SQL_MODE = "NO_AUTO_VALUE_ON_ZERO";
START TRANSACTION;
SET time_zone = "+00:00";


/*!40101 SET @OLD_CHARACTER_SET_CLIENT=@@CHARACTER_SET_CLIENT */;
/*!40101 SET @OLD_CHARACTER_SET_RESULTS=@@CHARACTER_SET_RESULTS */;
/*!40101 SET @OLD_COLLATION_CONNECTION=@@COLLATION_CONNECTION */;
/*!40101 SET NAMES utf8mb4 */;

--
-- Database: `tintuc`
--

-- --------------------------------------------------------

--
-- Table structure for table `binhluan`
--

CREATE TABLE `binhluan` (
  `id` bigint(20) UNSIGNED NOT NULL,
  `id_user` bigint(20) UNSIGNED NOT NULL,
  `id_tintuc` bigint(20) UNSIGNED NOT NULL,
  `noidung` varchar(255) NOT NULL,
  `created_at` timestamp NULL DEFAULT NULL,
  `updated_at` timestamp NULL DEFAULT NULL
) ENGINE=InnoDB DEFAULT CHARSET=utf8mb4 COLLATE=utf8mb4_unicode_ci;

-- --------------------------------------------------------

--
-- Table structure for table `failed_jobs`
--

CREATE TABLE `failed_jobs` (
  `id` bigint(20) UNSIGNED NOT NULL,
  `uuid` varchar(255) NOT NULL,
  `connection` text NOT NULL,
  `queue` text NOT NULL,
  `payload` longtext NOT NULL,
  `exception` longtext NOT NULL,
  `failed_at` timestamp NOT NULL DEFAULT current_timestamp()
) ENGINE=InnoDB DEFAULT CHARSET=utf8mb4 COLLATE=utf8mb4_unicode_ci;

-- --------------------------------------------------------

--
-- Table structure for table `loaitin`
--

CREATE TABLE `loaitin` (
  `id` bigint(20) UNSIGNED NOT NULL,
  `id_theloai` bigint(20) UNSIGNED NOT NULL,
  `tenloaitin` varchar(255) NOT NULL,
  `tenkhongdau` varchar(255) NOT NULL,
  `created_at` timestamp NULL DEFAULT NULL,
  `updated_at` timestamp NULL DEFAULT NULL
) ENGINE=InnoDB DEFAULT CHARSET=utf8mb4 COLLATE=utf8mb4_unicode_ci;

--
-- Dumping data for table `loaitin`
--

INSERT INTO `loaitin` (`id`, `id_theloai`, `tenloaitin`, `tenkhongdau`, `created_at`, `updated_at`) VALUES
(7, 5, 'Thể Thao', 'the-thao', '2022-12-01 05:24:40', '2022-12-01 05:26:11'),
(8, 6, 'Công nghệ', 'cong-nghe', '2022-12-01 05:25:02', '2022-12-01 05:26:27'),
(9, 7, 'Xã Hội', 'xa-hoi', '2022-12-01 05:25:16', '2022-12-01 05:26:39'),
(10, 8, 'Y Tế', 'y-te', '2022-12-01 05:25:25', '2022-12-01 05:26:47');

-- --------------------------------------------------------

--
-- Table structure for table `migrations`
--

CREATE TABLE `migrations` (
  `id` int(10) UNSIGNED NOT NULL,
  `migration` varchar(255) NOT NULL,
  `batch` int(11) NOT NULL
) ENGINE=InnoDB DEFAULT CHARSET=utf8mb4 COLLATE=utf8mb4_unicode_ci;

--
-- Dumping data for table `migrations`
--

INSERT INTO `migrations` (`id`, `migration`, `batch`) VALUES
(1, '2014_10_12_000000_create_users_table', 1),
(2, '2014_10_12_100000_create_password_resets_table', 1),
(3, '2019_08_19_000000_create_failed_jobs_table', 1),
(4, '2019_12_14_000001_create_personal_access_tokens_table', 1),
(7, '2022_11_16_060934_create_theloai__table', 2),
(8, '2022_11_16_061134_create_loaitin_table', 2),
(10, '2022_11_16_061910_alter_fkn_to_loaitin', 3),
(11, '2022_11_16_061452_create_tintuc_table', 4),
(12, '2022_11_16_062314_create_binhluan_table', 5),
(13, '2022_11_20_070203_add_hinh_theloai_table', 6);

-- --------------------------------------------------------

--
-- Table structure for table `password_resets`
--

CREATE TABLE `password_resets` (
  `email` varchar(255) NOT NULL,
  `token` varchar(255) NOT NULL,
  `created_at` timestamp NULL DEFAULT NULL
) ENGINE=InnoDB DEFAULT CHARSET=utf8mb4 COLLATE=utf8mb4_unicode_ci;

-- --------------------------------------------------------

--
-- Table structure for table `personal_access_tokens`
--

CREATE TABLE `personal_access_tokens` (
  `id` bigint(20) UNSIGNED NOT NULL,
  `tokenable_type` varchar(255) NOT NULL,
  `tokenable_id` bigint(20) UNSIGNED NOT NULL,
  `name` varchar(255) NOT NULL,
  `token` varchar(64) NOT NULL,
  `abilities` text DEFAULT NULL,
  `last_used_at` timestamp NULL DEFAULT NULL,
  `expires_at` timestamp NULL DEFAULT NULL,
  `created_at` timestamp NULL DEFAULT NULL,
  `updated_at` timestamp NULL DEFAULT NULL
) ENGINE=InnoDB DEFAULT CHARSET=utf8mb4 COLLATE=utf8mb4_unicode_ci;

-- --------------------------------------------------------

--
-- Table structure for table `theloai`
--

CREATE TABLE `theloai` (
  `id` bigint(20) UNSIGNED NOT NULL,
  `tentheloai` varchar(255) NOT NULL,
  `tenkhongdau` varchar(255) NOT NULL,
  `created_at` timestamp NULL DEFAULT NULL,
  `updated_at` timestamp NULL DEFAULT NULL,
  `hinh` text DEFAULT NULL
) ENGINE=InnoDB DEFAULT CHARSET=utf8mb4 COLLATE=utf8mb4_unicode_ci;

--
-- Dumping data for table `theloai`
--

INSERT INTO `theloai` (`id`, `tentheloai`, `tenkhongdau`, `created_at`, `updated_at`, `hinh`) VALUES
(5, 'Thể thao', 'the-thao', '2022-11-20 00:33:07', '2022-11-20 00:33:07', '1668929587_theloai_thethao_tl.jpg'),
(6, 'Công Nghệ', 'cong-nghe', '2022-11-20 00:34:00', '2022-11-20 00:34:00', '1668929640_theloai_cat-500x80-2.jpg'),
(7, 'Xã hội', 'xa-hoi', '2022-11-20 00:34:15', '2022-11-20 00:34:15', '1668929655_theloai_cat-500x80-1.jpg'),
(8, 'Y Tế', 'y-te', '2022-11-20 00:35:21', '2022-11-20 00:35:21', '1668929721_theloai_kinteh.png'),
(9, 'Giáo dục', 'giao-duc', '2022-11-20 01:04:14', '2022-11-20 01:04:14', '1668931454_theloai_cat-500x80-3.jpg');

-- --------------------------------------------------------

--
-- Table structure for table `tintuc`
--

CREATE TABLE `tintuc` (
  `id` bigint(20) UNSIGNED NOT NULL,
  `tieude` varchar(255) NOT NULL,
  `tieudekhongdau` varchar(255) NOT NULL,
  `tomtat` text DEFAULT NULL,
  `noidung` text DEFAULT NULL,
  `hinh` text DEFAULT NULL,
  `noibat` int(11) DEFAULT NULL,
  `soluotxem` int(11) DEFAULT NULL,
  `id_loaitin` bigint(20) UNSIGNED NOT NULL,
  `id_user` bigint(20) UNSIGNED NOT NULL,
  `created_at` timestamp NULL DEFAULT NULL,
  `updated_at` timestamp NULL DEFAULT NULL
) ENGINE=InnoDB DEFAULT CHARSET=utf8mb4 COLLATE=utf8mb4_unicode_ci;

--
-- Dumping data for table `tintuc`
--

INSERT INTO `tintuc` (`id`, `tieude`, `tieudekhongdau`, `tomtat`, `noidung`, `hinh`, `noibat`, `soluotxem`, `id_loaitin`, `id_user`, `created_at`, `updated_at`) VALUES
(6, 'Bộ Công an thông tin việc phong tỏa, kê biên tài sản trong vụ Việt Á', 'bo-cong-an-thong-tin-viec-phong-toa--ke-bien-tai-san-trong-vu-viet-a', 'Trung tướng Tô Ân Xô cho biết cơ quan cảnh sát điều tra đã phong tỏa, ngăn chặn tài khoản giao dịch, kê biên tài sản và tạm giữ số tiền hơn 1.700 tỷ đồng liên quan vụ án Việt Á.', '<p style=\"text-align:justify\"><img src=\"https://znews-photo.zingcdn.me/w960/Uploaded/qxwpzdjwp/2022_12_01/BCA_zing.jpg\" /></p>\r\n\r\n<p style=\"text-align:justify\">Trả lời c&acirc;u hỏi về vụ Việt &Aacute; tại họp b&aacute;o Ch&iacute;nh phủ thường kỳ th&aacute;ng 11 diễn ra chiều 1/12, trung tướng T&ocirc; &Acirc;n X&ocirc;, Ch&aacute;nh văn ph&ograve;ng, người ph&aacute;t ng&ocirc;n của Bộ C&ocirc;ng an, cho biết đ&acirc;y l&agrave; vụ &aacute;n rất phức tạp, g&acirc;y bức x&uacute;c trong dư luận, nhiều bị can trong vụ &aacute;n n&agrave;y l&agrave; đảng vi&ecirc;n, c&aacute;n bộ cao cấp.</p>\r\n\r\n<p style=\"text-align:justify\">Đến nay, cơ quan điều tra của Bộ C&ocirc;ng an đ&atilde; khởi tố v&agrave; &aacute;p dụng biện ph&aacute;p ngăn chặn đối với 29 trường hợp, 2/3 trong đ&oacute; n&agrave;y l&agrave; đảng vi&ecirc;n. Con số n&agrave;y chưa t&iacute;nh bị can bị c&ocirc;ng an địa phương khởi tố.</p>\r\n\r\n<p style=\"text-align:justify\">&quot;Cơ quan cảnh s&aacute;t điều tra đ&atilde; phong tỏa, ngăn chặn t&agrave;i khoản giao dịch, k&ecirc; bi&ecirc;n t&agrave;i sản v&agrave; tạm giữ số tiền m&agrave; c&aacute;c bị can trả lại, nộp cho cơ quan điều tra l&agrave;&nbsp;1.700 tỷ đồng&quot;, tướng T&ocirc; &Acirc;n X&ocirc; th&ocirc;ng tin.</p>\r\n\r\n<p style=\"text-align:justify\">Theo người ph&aacute;t ng&ocirc;n Bộ C&ocirc;ng an, do vụ &aacute;n li&ecirc;n quan nhiều c&aacute;n bộ, đảng vi&ecirc;n n&ecirc;n ng&agrave;y 20/10, Bộ Ch&iacute;nh trị đ&atilde; c&oacute; kết luận về chủ trương xử l&yacute; về tổ chức đảng với đảng vi&ecirc;n vi phạm trong vụ Việt &Aacute;.</p>\r\n\r\n<p style=\"text-align:justify\">Thứ nhất, xử l&yacute; kỷ luật nghi&ecirc;m đối với c&aacute;c trường hợp: Vi phạm quy định của Đảng, Nh&agrave; nước trong l&atilde;nh đạo, chỉ đạo ph&ograve;ng, chống dịch Covid-19 ở địa phương; c&oacute; h&agrave;nh vi can thiệp, t&aacute;c động cho doanh nghiệp trong đấu thầu, mua sắm thuốc, trang thiết bị y tế trong ph&ograve;ng chống dịch g&acirc;y hậu quả nghi&ecirc;m trọng; th&ocirc;ng đồng, hợp thức h&oacute;a hồ sơ mua sắm, đấu thầu v&igrave; mục đ&iacute;ch c&aacute; nh&acirc;n g&acirc;y thiệt hại nghi&ecirc;m trọng đến t&agrave;i sản Nh&agrave; nước.</p>\r\n\r\n<p style=\"text-align:justify\">Thứ 2, xem x&eacute;t giảm nhẹ c&aacute;c trường hợp: Vi phạm quy định của Đảng, ph&aacute;p luật của Nh&agrave; nước trong đấu thầu, k&yacute; kết hợp đồng, hợp thức h&oacute;a hợp đồng g&acirc;y hậu quả nghi&ecirc;m trọng nhưng vi phạm n&agrave;y xảy ra trong trường hợp cấp b&aacute;ch.</p>\r\n\r\n<p style=\"text-align:justify\">Những người kh&ocirc;ng c&oacute; h&agrave;nh vi trục lợi, động cơ c&aacute; nh&acirc;n kh&aacute;c, chủ động b&aacute;o c&aacute;o, cung cấp đầy đủ th&ocirc;ng tin t&agrave;i liệu, chứng cứ, nghi&ecirc;m t&uacute;c kiểm điểm khắc phục hậu quả; kh&ocirc;ng c&oacute; thỏa thuận, th&ocirc;ng đồng để nhận hoa hồng; chủ động nộp lại to&agrave;n bộ tiền v&agrave; lợi &iacute;ch kh&aacute;c cho cơ quan c&oacute; thẩm quyền; vi phạm do chấp h&agrave;nh mệnh lệnh hoặc tuyến đầu ph&ograve;ng chống dịch... cũng được xem x&eacute;t giảm nhẹ.</p>\r\n\r\n<p style=\"text-align:justify\">Thứ 3, miễn kỷ luật, y&ecirc;u cầu kiểm điểm nghi&ecirc;m t&uacute;c với trường hợp vi phạm trong bối cảnh ph&ograve;ng chống dịch cấp b&aacute;ch, kh&ocirc;ng vụ lợi hay mục đ&iacute;ch c&aacute; nh&acirc;n, g&acirc;y hậu quả &iacute;t nghi&ecirc;m trọng; trung thực tự gi&aacute;c, nghi&ecirc;m t&uacute;c kiểm điểm, kịp thời khắc phục hậu quả, thực hiện nhiệm vụ cho cấp tr&ecirc;n giao.</p>\r\n\r\n<p style=\"text-align:justify\">&ldquo;Chủ trương n&agrave;y nhằm đảm bảo nghi&ecirc;m minh của ph&aacute;p luật nhưng cũng thể hiện bản chất tốt đẹp, nh&acirc;n văn, khoan hồng&rdquo;, &ocirc;ng X&ocirc; n&oacute;i v&agrave; khẳng định vụ &aacute;n tiếp tục được mở rộng điều tra.</p>\r\n\r\n<p style=\"text-align:justify\">Li&ecirc;n quan đến vấn đề c&aacute; độ b&oacute;ng đ&aacute; trong thời gian diễn ra v&ograve;ng chung kết World Cup 2022, trung tướng T&ocirc; &Acirc;n X&ocirc; cho biết Bộ C&ocirc;ng an đ&atilde; c&oacute; chỉ đạo c&aacute;c địa phương mở đợt cao điểm tấn c&ocirc;ng trấn &aacute;p tội phạm, đặc biệt li&ecirc;n quan đến c&aacute; độ b&oacute;ng đ&aacute;.</p>\r\n\r\n<p style=\"text-align:justify\">Theo thống k&ecirc;, đến nay, lực lượng c&ocirc;ng an to&agrave;n quốc đ&atilde; triệt ph&aacute; 52 vụ với 140 đối tượng, với số tiền giao dịch ước t&iacute;nh l&ecirc;n đến h&agrave;ng chục ngh&igrave;n tỷ đồng.</p>\r\n\r\n<p style=\"text-align:justify\">Trong thời gian tới, Bộ C&ocirc;ng an tiếp tục triển khai cao điểm tấn c&ocirc;ng với tội phạm li&ecirc;n quan đến c&aacute; độ b&oacute;ng đ&aacute; trong giai đoạn cuối của v&ograve;ng chung kết World Cup 2022.</p>', '1669897893_BCA_zing.jpg', 1, 0, 9, 1, '2022-12-01 05:31:33', '2022-12-01 05:31:33'),
(7, 'TikToker kiếm tiền từ nội dung bẩn như thế nào', 'tiktoker-kiem-tien-tu-noi-dung-ban-nhu-the-nao', 'Từ việc sản xuất nội dung \"bẩn\" để lôi kéo lượt xem, lượt tương tác, các TikToker có thể kiếm về thu nhập lớn nhờ tiếp thị liên kết.', '<p style=\"text-align:justify\">Những người s&aacute;ng tạo nội dung tr&ecirc;n nền tảng TikTok, hay c&ograve;n gọi l&agrave; TikToker thường sẽ kiếm được khoản tiền lớn từ c&aacute;c nh&atilde;n h&agrave;ng v&agrave; h&igrave;nh thức tiếp thị li&ecirc;n kết (affiliate). Khoản tiền n&agrave;y được trao đổi dựa v&agrave;o lượt tương t&aacute;c, lượt theo d&otilde;i v&agrave; traffic v&agrave; những TikToker n&agrave;y c&oacute; thể tạo dựng được từ video.</p>\r\n\r\n<p style=\"text-align:justify\">V&igrave; vậy, kh&ocirc;ng &iacute;t TikToker sẵn s&agrave;ng tạo những nội dung phản cảm, đi ngược với đạo đức nhằm thu h&uacute;t tương t&aacute;c, tăng độ nổi tiếng nhằm kiếm th&ecirc;m nhiều thu nhập hơn. Gần đ&acirc;y nhất ch&iacute;nh l&agrave; TikToker c&oacute; t&agrave;i khoản @tuanbrice, hay c&ograve;n được nhiều người biết đến với t&ecirc;n gọi &quot;Nờ &Ocirc; N&ocirc;&quot; với những video g&acirc;y kh&oacute; chịu đến người xem.</p>\r\n\r\n<h3 style=\"text-align:justify\">Thu nhập ch&iacute;nh từ c&aacute;c nh&atilde;n h&agrave;ng</h3>\r\n\r\n<p style=\"text-align:justify\">Chia sẻ với&nbsp;<em>Zing</em>, anh Hạnh Nguyễn - Gi&aacute;m đốc marketing của một doanh nghiệp lớn tại TP.HCM - cho biết, l&yacute; do nhiều TikToker sẵn s&agrave;ng đăng tải những nội dung &quot;bẩn&quot; bởi nguồn thu lớn từ việc hợp t&aacute;c với c&aacute;c nh&atilde;n h&agrave;ng v&agrave; h&igrave;nh thức tiếp thị li&ecirc;n kết (affiliate).</p>\r\n\r\n<p style=\"text-align:justify\">Theo anh Hạnh Nguyễn, ch&iacute;nh những người l&agrave;m marketing, truyền th&ocirc;ng l&agrave; nguồn thu nhập cho c&aacute;c TikToker bởi c&aacute;c nh&atilde;n h&agrave;ng sẽ lựa chọn đối t&aacute;c KOC, KOL (người c&oacute; ảnh hưởng tr&ecirc;n MXH) th&ocirc;ng qua c&aacute;c chỉ số về lượt xem, lượt tương t&aacute;c v&agrave; traffic (lưu lượng truy cập). V&igrave; vậy, nhiều TikToker sẵn s&agrave;ng đ&aacute;nh đổi gi&aacute; trị nội dung để đổi lấy sự nổi tiếng.</p>\r\n\r\n<p style=\"text-align:justify\">Theo anh Hạnh Nguyễn, chất lượng của nền tảng c&oacute; đi l&ecirc;n hay kh&ocirc;ng l&agrave; tr&aacute;ch nhiệm của cả cộng đồng, đặc biệt l&agrave; những người l&agrave;m truyền th&ocirc;ng. Ảnh: NVCC.</p>\r\n\r\n<p style=\"text-align:justify\"><img alt=\"No O No anh 1\" src=\"https://znews-photo.zingcdn.me/w1920/Uploaded/bpivptvl/2022_10_18/z3923314168205_d7ce63e2b0041056522f69b6a97bc402.png\" style=\"height:1280px; width:852px\" /></p>\r\n\r\n<p style=\"text-align:justify\">&nbsp;</p>\r\n\r\n<table align=\"right\">\r\n	<tbody>\r\n		<tr>\r\n			<td style=\"text-align:justify\"><img alt=\"No O No anh 1\" src=\"https://znews-photo.zingcdn.me/w480/Uploaded/bpivptvl/2022_10_18/z3923314168205_d7ce63e2b0041056522f69b6a97bc402.png\" style=\"height:601px; width:400px\" title=\"Nờ Ô Nô ảnh 1\" /></td>\r\n		</tr>\r\n		<tr>\r\n			<td>\r\n			<p style=\"text-align:justify\">Theo anh Hạnh Nguyễn, chất lượng của nền tảng c&oacute; đi l&ecirc;n hay kh&ocirc;ng l&agrave; tr&aacute;ch nhiệm của cả cộng đồng, đặc biệt l&agrave; những người l&agrave;m truyền th&ocirc;ng. Ảnh:&nbsp;<em>NVCC.</em></p>\r\n			</td>\r\n		</tr>\r\n	</tbody>\r\n</table>\r\n\r\n<p style=\"text-align:justify\">Ở trường hợp của TikToker Nờ &Ocirc; N&ocirc;, tương t&aacute;c lớn từ những video gi&uacute;p nam thanh ni&ecirc;n n&agrave;y nhận được nhiều sự ch&uacute; &yacute; từ những nh&atilde;n h&agrave;ng đang chạy c&aacute;c chiến dịch truyền th&ocirc;ng quảng c&aacute;o.</p>\r\n\r\n<p style=\"text-align:justify\">&quot;Ch&iacute;nh cộng đồng những người l&agrave;m truyền th&ocirc;ng, marketing l&agrave; nguồn thu nhập, l&agrave; người lựa chọn KOL, KOC cho nh&atilde;n h&agrave;ng chứ nguồn thu nhập của những TikToker thật sự kh&ocirc;ng đến từ nền tảng. Chỉ số lựa chọn KOL, KOC dựa tr&ecirc;n lượt tương t&aacute;c v&agrave; lượt xem, số lượng người theo d&otilde;i v&igrave; vậy mới xảy ra việc nhiều TikToker b&oacute;p m&eacute;o gi&aacute; trị nội dung&quot;, anh Hạnh chia sẻ th&ecirc;m</p>\r\n\r\n<p style=\"text-align:justify\">Theo khảo s&aacute;t của&nbsp;<em>Zing</em>, những TikToker c&oacute; lượt theo d&otilde;i cao như Nờ &Ocirc; N&ocirc; c&oacute; thể được trả khoản tiền khoảng 10-30 triệu đồng/video, b&agrave;i viết quảng c&aacute;o cho nh&atilde;n h&agrave;ng. C&aacute; biệt, nhiều trường hợp TikToker c&ograve;n c&oacute; c&oacute; mức th&ugrave; lao l&ecirc;n đến 50 triệu đồng/video.</p>\r\n\r\n<p style=\"text-align:justify\">Anh Nguyễn D. (29 tuổi, TP.HCM) - quản l&yacute; tại một nh&agrave; h&agrave;ng tại quận 1, TP.HCM - cho biết, qu&aacute;n anh sẽ thường xuy&ecirc;n mời c&aacute;c TikToker l&agrave;m về mảng ẩm thực đến ăn v&agrave; l&ecirc;n c&aacute;c video quảng c&aacute;o cho nh&agrave; h&agrave;ng. Th&ocirc;ng thường, qu&aacute;n sẽ lựa chọn c&aacute;c TikToker dựa v&agrave;o lượt theo d&otilde;i cũng như độ tương t&aacute;c của người đ&oacute; tr&ecirc;n nền tảng.</p>\r\n\r\n<p style=\"text-align:justify\">Khi hỏi về thước đo cho một video quảng c&aacute;o th&agrave;nh c&ocirc;ng tr&ecirc;n nền tảng, anh D. cho biết đối với c&aacute;c qu&aacute;n ăn, chỉ cần video l&ecirc;n xu hướng, c&oacute; độ hiển thị cao l&agrave; đ&atilde; th&agrave;nh c&ocirc;ng hơn một nửa. Tuy nhi&ecirc;n, nội dung của video cũng phải được ch&uacute; trọng.</p>', '1669898288_20220819_nid_bone.jpg', 1, 0, 8, 1, '2022-12-01 05:34:06', '2022-12-01 05:38:08'),
(8, 'Sức mạnh hàng công tuyển Pháp sau vòng bảng', 'suc-manh-hang-cong-tuyen-phap-sau-vong-bang', 'Sau 4 năm, sức mạnh của tuyển Pháp chưa hề giảm sút, thậm chí còn có phần đa dạng hơn so với trước kia.', '<p style=\"text-align:justify\">Thất bại 0-1 trước Tunisia ở v&ograve;ng đấu cuối c&ugrave;ng kh&ocirc;ng khiến cho ĐT Ph&aacute;p đ&aacute;nh mất ng&ocirc;i đầu bảng của m&igrave;nh. Đ&oacute; c&oacute; thể xem l&agrave; một tin vui với đội b&oacute;ng của HLV Didier Deschamps, khi &ocirc;ng đ&atilde; tạo ra tới 9 sự thay đổi trong đội h&igrave;nh xuất ph&aacute;t.</p>\r\n\r\n<p style=\"text-align:justify\">Đội h&igrave;nh ch&iacute;nh của ĐT Ph&aacute;p sẽ c&oacute; nhiều thời gian phục hồi hơn trước khi trận đấu tại v&ograve;ng knock-out diễn ra. Họ l&agrave; những người đ&atilde; tạo ra h&igrave;nh ảnh cực kỳ đa dạng trong kh&acirc;u tấn c&ocirc;ng của đại diện ch&acirc;u &Acirc;u sau 2 chiến thắng đầu ti&ecirc;n trước Australia v&agrave; Đan Mạch.</p>\r\n\r\n<p style=\"text-align:center\"><img src=\"https://znews-photo.zingcdn.me/w1920/Uploaded/natmzz/2022_12_01/2022_11_26T000000Z_1075303557_UP1EIBQ1EJLGI_RTRMADP_3_SOCCER_WORLDCUP_FRA_DNK_REPORT_1_.JPG\" style=\"height:621px; width:900px\" /></p>\r\n\r\n<h3>Tấn c&ocirc;ng từ mọi hướng</h3>\r\n\r\n<p>Kh&ocirc;ng c&oacute; được sự phục vụ của Karim Benzema v&agrave; Paul Pogba cho World Cup 2022 c&oacute; thể được xem l&agrave; một mất m&aacute;t lớn với tuyển Ph&aacute;p trước thềm giải đấu. Nhưng thay v&agrave;o đ&oacute;, họ đang sở hữu hai c&aacute; nh&acirc;n đạt phong độ cao ở thời điểm hiện tại l&agrave; Ousmane Dembele v&agrave; Theo Hernandez b&ecirc;n cạnh Antoine Griezmann, Olivier Giroud v&agrave; Kylian Mbappe. Đ&aacute;ng ch&uacute; &yacute; hơn cả, HLV Deschamps đ&atilde; t&igrave;m ra được phương &aacute;n để sử dụng 5 c&aacute; nh&acirc;n tấn c&ocirc;ng n&agrave;y trong những vai tr&ograve; tốt nhất của m&igrave;nh.</p>\r\n\r\n<p>ĐT Ph&aacute;p triển khai sơ đồ 4-2-3-1 th&agrave;nh một cấu tr&uacute;c bất đối xứng khi c&oacute; b&oacute;ng. Hậu vệ bi&ecirc;n phải Jules Kounde hoặc Benjamin Pavard được y&ecirc;u cầu chọn vị tr&iacute; thấp, nhường lại h&agrave;nh lang ngo&agrave;i c&aacute;nh phải cho Dembele. Trong khi ở c&aacute;nh tr&aacute;i, Hernandez l&agrave; người thường xuy&ecirc;n d&acirc;ng cao trong bối cảnh Mbappe c&oacute; xu hướng tấn c&ocirc;ng v&ograve;ng cấm địa. Griezmann được hoạt động một c&aacute;ch tự do sau lưng Giroud.</p>\r\n\r\n<p>Đặt 5 cầu thủ tấn c&ocirc;ng với những bộ kĩ năng kh&aacute;c nhau trải d&agrave;i theo chiều ngang s&acirc;n l&agrave; một sự lựa chọn ph&ugrave; hợp nhất m&agrave; &ocirc;ng Deschamps c&oacute; thể thực hiện v&agrave;o thời điểm hiện tại. Thực tế tr&ecirc;n s&acirc;n chỉ ra quyết định ấy đ&atilde; ph&aacute;t huy t&aacute;c dụng sau 2 trận đấu đầu ti&ecirc;n, khi cả 5 c&aacute;i t&ecirc;n kể tr&ecirc;n đều để lại những dấu ấn đậm n&eacute;t của m&igrave;nh trong sự đa dạng ở những phương &aacute;n tấn c&ocirc;ng cận cầu m&ocirc;n của ĐT Ph&aacute;p.</p>\r\n\r\n<p>Ở h&agrave;nh lang c&aacute;nh phải, sự tự do l&agrave; điều Dembele lu&ocirc;n cần trong c&aacute;ch chơi của m&igrave;nh. Chất lượng của những t&igrave;nh huống xử l&yacute; c&aacute; nh&acirc;n v&agrave; c&aacute;c t&igrave;nh huống đưa b&oacute;ng v&agrave;o v&ograve;ng cấm địa của cầu thủ đang chơi tại Barcelona l&agrave; ấn tượng một khi cầu thủ n&agrave;y đạt được sự ổn định trong m&agrave;n tr&igrave;nh diễn của m&igrave;nh.</p>\r\n\r\n<p style=\"text-align:center\"><img alt=\"Suc manh Phap anh 2\" src=\"https://znews-photo.zingcdn.me/w1920/Uploaded/natmzz/2022_12_01/1.2.jpg\" style=\"height:506px; width:900px\" /></p>', '1669898196_2022_11_26T000000Z_1075303557_UP1EIBQ1EJLGI_RTRMADP_3_SOCCER_WORLDCUP_FRA_DNK_REPORT_1_.jpg', 1, 0, 7, 1, '2022-12-01 05:36:36', '2022-12-01 05:36:36'),
(9, 'Nhận 300 chiếc iPhone trong đêm, thương gia bị cướp mất 125 máy', 'nhan-300-chiec-iphone-trong-dem--thuong-gia-bi-cuop-mat-125-may', 'Một người đàn ông đặt mua 300 chiếc iPhone 13 tại cửa hàng 5th Avenue ở New York nhưng bị cướp ngay sau khi nhận hàng.', '<p style=\"text-align:justify\">Theo tường thuật của&nbsp;<em>BGR</em>, một thương nh&acirc;n đ&atilde; đặt mua 300 chiếc iPhone 13 tại Apple Store 5th Avenue ở New York.</p>\r\n\r\n<p style=\"text-align:justify\">Tuy nhi&ecirc;n, khi đến lấy l&ocirc; h&agrave;ng v&agrave;o s&aacute;ng sớm h&ocirc;m 28/11, người đ&agrave;n &ocirc;ng n&agrave;y bất ngờ bị cướp. Sau vụ tấn c&ocirc;ng khiến thương nh&acirc;n n&agrave;y bị thương, bọn trộm đ&atilde; lấy được một t&uacute;i chứa khoảng 125 chiếc iPhone trị gi&aacute;&nbsp;95.000 USD.</p>\r\n\r\n<p style=\"text-align:justify\"><em>Audacy&nbsp;</em>cho biết bọn cướp đ&atilde; tấn c&ocirc;ng nạn nh&acirc;n 27 tuổi ngay sau khi anh rời khỏi cửa h&agrave;ng Apple. Người đ&agrave;n &ocirc;ng n&agrave;y thường xuy&ecirc;n mua h&agrave;ng với số lượng lớn từ Apple sau đ&oacute; b&aacute;n lại ở cửa h&agrave;ng của m&igrave;nh, theo đại diện cảnh s&aacute;t n&oacute;i với&nbsp;<em>Audacy</em>.</p>\r\n\r\n<p style=\"text-align:justify\">Cũng theo lời cảnh s&aacute;t, những kẻ tấn c&ocirc;ng nhiều khả năng đ&atilde; đ&atilde; nghi&ecirc;n cứu th&oacute;i quen mua iPhone của người đ&agrave;n &ocirc;ng n&agrave;y.</p>\r\n\r\n<p style=\"text-align:justify\">Sau khi rời khỏi cửa h&agrave;ng, một chiếc &ocirc;t&ocirc; lập tức lao tới b&ecirc;n cạnh nạn nh&acirc;n. Sau đ&oacute;, hai người đ&agrave;n &ocirc;ng lao ra v&agrave; đ&ograve;i t&uacute;i iPhone. Nạn nh&acirc;n sau đ&oacute; chống cự nhưng bị bọn cướp đ&aacute;nh v&agrave;o mũi v&agrave; gục xuống đất.</p>\r\n\r\n<p style=\"text-align:justify\">Mặc d&ugrave; vậy,&nbsp;<em>BGR&nbsp;</em>đặt c&acirc;u hỏi v&igrave; sao người đ&agrave;n &ocirc;ng n&agrave;y lại trực tiếp đến nhận số lượng lớn như vậy v&agrave;o l&uacute;c nửa đ&ecirc;m. Được biết, một nh&acirc;n vi&ecirc;n cửa h&agrave;ng đ&atilde; đặt 300 chiếc iPhone 13 v&agrave;o 3 t&uacute;i lớn để giao cho thương nh&acirc;n n&agrave;y v&agrave;o khoảng 1h45 s&aacute;ng ng&agrave;y 28/11.</p>\r\n\r\n<p style=\"text-align:justify\">Cửa h&agrave;ng 5th Avenue ở New York của Apple. Ảnh: Apple.</p>\r\n\r\n<ul>\r\n	<li style=\"text-align: justify;\">&nbsp;</li>\r\n	<li style=\"text-align: justify;\">&nbsp;</li>\r\n</ul>\r\n\r\n<p style=\"text-align:justify\"><img alt=\"iPhone anh 1\" src=\"https://znews-photo.zingcdn.me/w1920/Uploaded/ivpbciv2/2022_12_01/R095.jpg\" style=\"height:506px; width:900px\" /></p>\r\n\r\n<p style=\"text-align:justify\">Đ&acirc;y chắc chắn l&agrave; thời điểm bất thường để mua iPhone với số lượng lớn v&agrave; cũng l&agrave; thời gian nhạy cảm thường xảy ra c&aacute;c vụ cướp.</p>\r\n\r\n<p style=\"text-align:justify\">Ngo&agrave;i ra, số lượng 300 chiếc iPhone cũng l&agrave; kh&aacute; nặng để di chuyển. Do đ&oacute;, con đường an to&agrave;n hơn nhiều thường được c&aacute;c thương nh&acirc;n d&ugrave;ng l&agrave; nhờ Apple vận chuyển h&agrave;ng h&oacute;a trực tiếp đến cửa h&agrave;ng.</p>\r\n\r\n<p style=\"text-align:justify\">Hiện kh&ocirc;ng r&otilde; ph&iacute;a Apple sẽ l&agrave;m g&igrave; để gi&uacute;p thương nh&acirc;n n&agrave;y lấy lại những chiếc iPhone bị đ&aacute;nh cắp. Th&ocirc;ng thường, ph&iacute;a nh&agrave; sản xuất iPhone sẽ lần theo số Serial/IMEI của thiết bị.</p>\r\n\r\n<p style=\"text-align:justify\">Tuy nhi&ecirc;n, những chiếc iPhone chưa được k&iacute;ch hoạt sẽ kh&ocirc;ng thể theo d&otilde;i được. Do đ&oacute;, những t&ecirc;n cướp c&oacute; thể b&aacute;n lẻ từng m&aacute;y lấy tiền v&agrave; bỏ trốn, trong khi người mua sẽ kh&ocirc;ng thể k&iacute;ch hoạt được.</p>', '1669898621_how_they_stole_my_iphone_episode_2_featured1_1024x673.jpg', 1, 0, 8, 1, '2022-12-01 05:43:41', '2022-12-01 05:43:41'),
(10, 'Nhà bán lẻ lo \'mất Tết\' vì Apple trễ hẹn', 'nha-ban-le-lo--mat-tet--vi-apple-tre-hen', 'Kế hoạch kinh doanh, mục tiêu doanh thu, mở rộng của nhiều nhà bán lẻ trong nước có khả năng đổ vỡ nếu Apple tiếp tục trễ hẹn với iPhone 14.', '<p><img src=\"https://znews-photo.zingcdn.me/w960/Uploaded/yqdlcqrwq/2022_07_15/12015072022.jpg\" /></p>\r\n\r\n<h3>&quot;Mất Tết&quot; do Apple</h3>\r\n\r\n<p>Ng&agrave;y 7/11, Apple ch&iacute;nh thức l&ecirc;n tiếng x&aacute;c nhận việc nguồn cung iPhone 14 Pro/Pro Max bị giảm s&uacute;t, chậm trễ bởi t&igrave;nh h&igrave;nh dịch bệnh ở nh&agrave; m&aacute;y Foxconn Trịnh Ch&acirc;u, Trung Quốc. Đ&acirc;y l&agrave; lần hiếm hoi T&aacute;o khuyết x&aacute;c nhận những vấn đề về sản xuất v&agrave; cung ứng. C&ocirc;ng ty thường hạn chế đề cập đến điều n&agrave;y bởi c&oacute; thể ảnh hưởng đến gi&aacute; cổ phiếu.</p>\r\n\r\n<p>Trao đổi với&nbsp;<em>Zing</em>, c&aacute;c đại l&yacute; trong nước cho biết t&igrave;nh h&igrave;nh c&aacute;c l&ocirc; h&agrave;ng chưa c&oacute; cập nhật mới. Lượng thiết bị cung ứng vốn đ&atilde; li&ecirc;n tục bị chậm trễ, tr&igrave; ho&atilde;n trước khi th&ocirc;ng b&aacute;o tr&ecirc;n trang chủ Apple được đưa ra.</p>\r\n\r\n<h3>&quot;Mất Tết&quot; do Apple</h3>\r\n\r\n<p>Ng&agrave;y 7/11, Apple ch&iacute;nh thức l&ecirc;n tiếng x&aacute;c nhận việc nguồn cung iPhone 14 Pro/Pro Max bị giảm s&uacute;t, chậm trễ bởi t&igrave;nh h&igrave;nh dịch bệnh ở nh&agrave; m&aacute;y Foxconn Trịnh Ch&acirc;u, Trung Quốc. Đ&acirc;y l&agrave; lần hiếm hoi T&aacute;o khuyết x&aacute;c nhận những vấn đề về sản xuất v&agrave; cung ứng. C&ocirc;ng ty thường hạn chế đề cập đến điều n&agrave;y bởi c&oacute; thể ảnh hưởng đến gi&aacute; cổ phiếu.</p>\r\n\r\n<p>Trao đổi với&nbsp;<em>Zing</em>, c&aacute;c đại l&yacute; trong nước cho biết t&igrave;nh h&igrave;nh c&aacute;c l&ocirc; h&agrave;ng chưa c&oacute; cập nhật mới. Lượng thiết bị cung ứng vốn đ&atilde; li&ecirc;n tục bị chậm trễ, tr&igrave; ho&atilde;n trước khi th&ocirc;ng b&aacute;o tr&ecirc;n trang chủ Apple được đưa ra.</p>\r\n\r\n<p>&nbsp;</p>', '1669898736_12015072022.jpg', 1, 0, 8, 1, '2022-12-01 05:45:36', '2022-12-01 05:45:36'),
(11, 'Chi 20 triệu đồng mua iPhone 14 không thể nghe gọi', 'chi-20-trieu-dong-mua-iphone-14-khong-the-nghe-goi', 'Nhiều người dùng Việt đã bỏ ra hơn 20 triệu đồng để mua iPhone 14 Pro Max phiên bản khóa mạng hay còn gọi là iPhone lock.', '<p>Tr&ecirc;n thị trường, iPhone 14 Pro lock v&agrave; iPhone 14 Pro Max lock đang c&oacute; gi&aacute; lần lượt l&agrave; 18 triệu đồng v&agrave; 21 triệu đồng. Mức gi&aacute; n&agrave;y rẻ hơn 11-13 triệu đồng so với h&agrave;ng ch&iacute;nh h&atilde;ng c&ugrave;ng phi&ecirc;n bản.</p>\r\n\r\n<p>Những mẫu m&aacute;y n&agrave;y tuy kh&ocirc;ng thể sử dụng SIM của c&aacute;c nh&agrave; mạng Việt Nam nhưng vẫn được nhiều người lựa chọn nhằm mục đ&iacute;ch trải nghiệm những t&iacute;nh năng mới cũng như camera v&agrave; c&aacute;c phần cứng kh&aacute;c vẫn hoạt động tốt.</p>\r\n\r\n<h3>Kh&ocirc;ng thể nghe gọi</h3>\r\n\r\n<p>Trao đổi với&nbsp;<em>Zing</em>, anh Qu&aacute;ch Minh Hiếu, chủ cửa h&agrave;ng HLC Store, cho biết đa phần iPhone bản lock được x&aacute;ch tay về từ thị trường Mỹ. Năm nay, iPhone 14 tại thị trường n&agrave;y đ&atilde; kh&ocirc;ng c&ograve;n sử dụng SIM vật l&yacute; m&agrave; chỉ sử dụng eSIM n&ecirc;n hiện tại chưa c&oacute; c&aacute;ch để sử dụng SIM c&aacute;c nh&agrave; mạng Việt.</p>\r\n\r\n<p>Nhiều người d&ugrave;ng Việt đ&atilde; bỏ ra hơn 20 triệu đồng để mua iPhone 14 Pro Max phi&ecirc;n bản kh&oacute;a mạng hay c&ograve;n gọi l&agrave; iPhone lock.</p>\r\n\r\n<p><br />\r\nNgười d&ugrave;ng Việt quan t&acirc;m d&ograve;ng iPhone 14 Pro Lock v&igrave; mức gi&aacute; rẻ. Ảnh: NVCC.<br />\r\nTr&ecirc;n thị trường, iPhone 14 Pro lock v&agrave; iPhone 14 Pro Max lock đang c&oacute; gi&aacute; lần lượt l&agrave; 18 triệu đồng v&agrave; 21 triệu đồng. Mức gi&aacute; n&agrave;y rẻ hơn 11-13 triệu đồng so với h&agrave;ng ch&iacute;nh h&atilde;ng c&ugrave;ng phi&ecirc;n bản.</p>\r\n\r\n<p>Những mẫu m&aacute;y n&agrave;y tuy kh&ocirc;ng thể sử dụng SIM của c&aacute;c nh&agrave; mạng Việt Nam nhưng vẫn được nhiều người lựa chọn nhằm mục đ&iacute;ch trải nghiệm những t&iacute;nh năng mới cũng như camera v&agrave; c&aacute;c phần cứng kh&aacute;c vẫn hoạt động tốt.</p>\r\n\r\n<p>Kh&ocirc;ng thể nghe gọi<br />\r\nTrao đổi với Zing, anh Qu&aacute;ch Minh Hiếu, chủ cửa h&agrave;ng HLC Store, cho biết đa phần iPhone bản lock được x&aacute;ch tay về từ thị trường Mỹ. Năm nay, iPhone 14 tại thị trường n&agrave;y đ&atilde; kh&ocirc;ng c&ograve;n sử dụng SIM vật l&yacute; m&agrave; chỉ sử dụng eSIM n&ecirc;n hiện tại chưa c&oacute; c&aacute;ch để sử dụng SIM c&aacute;c nh&agrave; mạng Việt.</p>\r\n\r\n<p><br />\r\nAnh Hiếu cũng cho biết gi&aacute; iPhone 14 lock năm nay đang thấp hơn rất nhiều so với thế hệ iPhone 13 v&agrave;o năm 2021. Thời điểm đ&oacute;, d&ograve;ng iPhone 13 về Việt Nam vẫn c&oacute; thể d&ugrave;ng SIM gh&eacute;p hoặc ICCID (một đoạn m&atilde; gồm 19-20 k&yacute; tự) để sử dụng như m&aacute;y quốc tế.</p>\r\n\r\n<p>&quot;V&agrave;o năm ngo&aacute;i, gi&aacute; b&aacute;n ra những ng&agrave;y đầu dao động 32-33 triệu đồng. Năm nay 14 Pro Max lock chỉ c&oacute; gi&aacute; 20-21 triệu đồng d&ugrave; c&ugrave;ng thời điểm. Tuy iPhone 14 lock Mỹ năm nay kh&ocirc;ng c&oacute; khay SIM nhưng gi&aacute; lại rẻ hơn h&agrave;ng ch&iacute;nh h&atilde;ng hơn 10 triệu đồng n&ecirc;n vẫn được người d&ugrave;ng quan t&acirc;m&quot;, anh n&agrave;y chia sẻ.</p>\r\n\r\n<p>Sức n&oacute;ng của iPhone 14 lock năm nay giảm r&otilde; rệt khi những cửa h&agrave;ng b&aacute;n lẻ kh&ocirc;ng d&aacute;m nhập h&agrave;ng do kh&ocirc;ng c&oacute; phương &aacute;n sử dụng SIM ở Việt Nam.</p>\r\n\r\n<p><img alt=\"Gia iPhone 14 Lock anh 1\" src=\"https://znews-photo.zingcdn.me/w1200/Uploaded/ohuokaa/2022_10_26/z3783314219177_077dfea711c317e3b938950ee917ad89.jpg\" style=\"height:597px; width:900px\" /></p>\r\n\r\n<p>&quot;Năm nay cửa h&agrave;ng kh&ocirc;ng nhập m&aacute;y lock bởi m&aacute;y về từ thị trường Mỹ kh&ocirc;ng thể sử dụng SIM vật l&yacute;, m&aacute;y về từ c&aacute;c thị trường kh&aacute;c khi lắp SIM gh&eacute;p hoặc m&atilde; ICCID cũng li&ecirc;n tục gặp lỗi&quot;, chị Nguyễn Hiền, đại diện cửa h&agrave;ng T&aacute;o Xanh (H&agrave; Nội), cho biết.</p>\r\n\r\n<p>Kh&ocirc;ng chỉ c&aacute;c cửa h&agrave;ng kinh doanh, người d&ugrave;ng cũng kh&ocirc;ng qu&aacute; mặn m&agrave; khi mua một chiếc iPhone hơn 20 triệu đồng nhưng li&ecirc;n tục phải đi lắp lại SIM gh&eacute;p v&agrave; nhập m&atilde; ICCD mới.</p>\r\n\r\n<p>Chị Hiền cũng tiết lộ mỗi chiếc iPhone lock b&aacute;n ra cửa h&agrave;ng chỉ lời 500.000-1 triệu đồng.</p>', '1669898804_z3783314219177_077dfea711c317e3b938950ee917ad89.jpg', 1, 0, 8, 1, '2022-12-01 05:46:44', '2022-12-01 05:46:44'),
(12, 'Dễ dàng mua thiết bị theo dõi định vị với giá hơn 1 triệu đồng', 'de-dang-mua-thiet-bi-theo-doi-dinh-vi-voi-gia-hon-1-trieu-dong', 'Chỉ cần bỏ ra hơn 1 triệu đồng, người dùng đã có thể dễ dàng mua các thiết bị truy theo vị trí của ôtô để phục vụ các mục đích cá nhân.', '<p>Việc lắp đặt c&aacute;c thiết bị định vị, theo d&otilde;i phương tiện di chuyển n&oacute;i chung v&agrave; &ocirc;t&ocirc; n&oacute;i ri&ecirc;ng đ&atilde; kh&ocirc;ng c&ograve;n qu&aacute; xa lạ với người d&ugrave;ng Việt Nam.</p>\r\n\r\n<p>Tuy nhi&ecirc;n, thời gian gần đ&acirc;y những thiết bị n&agrave;y được quan t&acirc;m hơn sau khi một nữ diễn vi&ecirc;n chia sẻ c&ocirc;ng khai tr&ecirc;n mạng x&atilde; hội (MXH) về việc xe &ocirc;t&ocirc; của m&igrave;nh bị l&eacute;n gắn định vị.</p>\r\n\r\n<h3>Dễ mua, dễ d&ugrave;ng</h3>\r\n\r\n<p>Chỉ cần t&igrave;m kiếm từ kh&oacute;a thiết bị định vị tr&ecirc;n MXH hoặc s&agrave;n thương mại điện tử, người d&ugrave;ng dễ d&agrave;ng nhận được kết quả trả về l&agrave; c&aacute;c sản phẩm c&oacute; mức gi&aacute; giao động 1,3-3 triệu đồng.</p>\r\n\r\n<p>Theo t&igrave;m hiểu, c&aacute;c thiết bị định vị được chia l&agrave;m 2 loại. Loại thứ nhất c&oacute; d&acirc;y điện, phải đấu nguồn v&agrave;o xe mới sử dụng được. Loại thứ hai sử dụng pin, kh&ocirc;ng cần phải đấu d&acirc;y với xe v&agrave; c&oacute; gi&aacute; th&agrave;nh cao hơn.</p>\r\n\r\n<p>C&aacute;c th&ocirc;ng tin về xe được hiển thị trong ứng dụng. Ảnh: NVCC.</p>\r\n\r\n<ul>\r\n	<li>&nbsp;</li>\r\n	<li>&nbsp;</li>\r\n</ul>\r\n\r\n<p><img alt=\"thiet bi theo doi anh 1\" src=\"https://znews-photo.zingcdn.me/w1920/Uploaded/ohuokaa/2022_11_30/316678112_562807765681279_403664754414115386_n.jpg\" style=\"height:2048px; width:946px\" /></p>\r\n\r\n<p>&nbsp;</p>\r\n\r\n<table align=\"left\">\r\n	<tbody>\r\n		<tr>\r\n			<td><img alt=\"thiet bi theo doi anh 1\" src=\"https://znews-photo.zingcdn.me/w480/Uploaded/ohuokaa/2022_11_30/316678112_562807765681279_403664754414115386_n.jpg\" style=\"height:1948px; width:900px\" title=\"thiết bị theo dõi ảnh 1\" /></td>\r\n		</tr>\r\n		<tr>\r\n			<td>\r\n			<p>C&aacute;c th&ocirc;ng tin về xe được hiển thị trong ứng dụng. Ảnh:&nbsp;<em>NVCC</em>.</p>\r\n			</td>\r\n		</tr>\r\n	</tbody>\r\n</table>\r\n\r\n<p>Thiết bị sử dụng pin cũng được rao b&aacute;n nhiều mức gi&aacute; kh&aacute;c nhau, phụ thuộc v&agrave;o dung lượng pin. Người d&ugrave;ng chỉ cần để thiết bị v&agrave;o trong xe, tiếp theo tải ứng dụng tương th&iacute;ch l&agrave; đ&atilde; c&oacute; thể quản l&yacute;, định vị v&agrave; theo d&otilde;i xe.</p>\r\n\r\n<p>Thiết bị sở hữu k&iacute;ch thước nhỏ gọn, dễ d&agrave;ng sử dụng. Khi hết pin chỉ cần cắm sạc th&ocirc;ng qua cổng micro USB hoặc USB-C t&ugrave;y thuộc v&agrave;o cổng sạc.</p>\r\n\r\n<p>&quot;Thời lượng sử dụng pin của thiết bị định vị sẽ dao động 4-30 ng&agrave;y. Thời gian sử dụng l&acirc;u, gi&aacute; th&agrave;nh sẽ cao hơn&quot;, một người b&aacute;n h&agrave;ng cho biết.</p>\r\n\r\n<p>Vị n&agrave;y cũng tiết lộ nhu cầu của người d&ugrave;ng với thiết bị định vị tr&ecirc;n thị trường kh&aacute; lớn, trung b&igrave;nh mỗi ng&agrave;y cửa h&agrave;ng anh b&aacute;n được 7-10 sản phẩm.</p>\r\n\r\n<p>Đa phần kh&aacute;ch của cửa h&agrave;ng l&agrave; người cho thu&ecirc; xe, mua thiết bị để tr&aacute;nh việc bị mất trộm. B&ecirc;n cạnh đ&oacute;, kh&aacute;ch h&agrave;ng lẻ cũng thường mua với mục đ&iacute;ch bảo vệ xe, c&aacute; biệt c&oacute; một v&agrave;i người mua với mục đ&iacute;ch theo d&otilde;i ri&ecirc;ng.</p>\r\n\r\n<p>Anh Huy Tuấn (B&igrave;nh Thạnh, TP.HCM), chủ một cửa h&agrave;ng cho thu&ecirc; xe &ocirc;t&ocirc;, chia sẻ tr&ecirc;n mỗi xe cho thu&ecirc; anh đều gắn sẵn thiết bị định vị với với mục đ&iacute;ch bảo vệ t&agrave;i sản của m&igrave;nh.</p>\r\n\r\n<p>Anh Tuấn chọn loại thiết bị c&oacute; d&acirc;y để hạn chế trường hợp bị mất. Anh cũng nhận định với mức gi&aacute; 1,5 triệu đồng/thiết bị l&agrave; mức gi&aacute; hợp l&yacute;. Thiết bị kh&ocirc;ng hỗ trợ chống nước n&ecirc;n chỉ cần lưu &yacute; vấn đề n&agrave;y.</p>\r\n\r\n<p>&quot;M&igrave;nh c&oacute; 5 xe, t&iacute;nh ra l&agrave; hết 7,5 triệu đồng tất cả. Thấy mấy trường hợp cho thu&ecirc; bị mất xe n&ecirc;n m&igrave;nh kh&aacute; lo lắng. Gi&aacute; th&agrave;nh lắp đặt thiết bị l&agrave; qu&aacute; rẻ so với thiệt hại khi c&oacute; sự cố xảy ra. C&aacute; nh&acirc;n m&igrave;nh thấy thiết bị kh&aacute; dễ d&ugrave;ng, chỉ cần th&ocirc;ng qua ứng dụng l&agrave; biết được hết c&aacute;c th&ocirc;ng tin về xe&quot;, anh Tuấ</p>\r\n\r\n<h3>C&oacute; thể d&ograve; t&igrave;m định vị gắn l&eacute;n</h3>\r\n\r\n<p>Chia sẻ với&nbsp;<em>Zing</em>, &ocirc;ng Vũ Mạnh Thắng, đại diện Doscom - đơn vị cung cấp thiết bị định vị cũng như d&ograve; t&igrave;m c&aacute;c thiết bị ẩn, cho biết mỗi ng&agrave;y đơn vị n&agrave;y tiếp nhận 10-15 y&ecirc;u cầu cho dịch vụ d&ograve; t&igrave;m. C&aacute;c trường hợp y&ecirc;u cầu dịch vụ kh&ocirc;ng chỉ ri&ecirc;ng tr&ecirc;n xe &ocirc;t&ocirc; m&agrave; c&ograve;n tại nh&agrave; ri&ecirc;ng hoặc ph&ograve;ng l&agrave;m việc.</p>\r\n\r\n<p>&Ocirc;ng Thắng tiết lộ c&aacute;c thiết bị định vị hay ghi &acirc;m n&oacute;i chung thường sẽ phải lắp SIM viễn th&ocirc;ng. Ch&uacute;ng sẽ ph&aacute;t đi t&iacute;n hiệu l&uacute;c truyền tải th&ocirc;ng tin v&igrave; vậy c&oacute; thể t&igrave;m ra th&ocirc;ng qua m&aacute;y d&ograve; s&oacute;ng.</p>\r\n\r\n<p>C&aacute;c thiết bị n&agrave;y c&oacute; k&iacute;ch thước nhỏ gọn, c&oacute; thể được ngụy trang dưới nhiều h&igrave;nh thức kh&aacute;c nhau n&ecirc;n người d&ugrave;ng thường kh&oacute; ph&aacute;t hiện ra nếu như quan s&aacute;t bằng mắt thường.</p>\r\n\r\n<p>&quot;Quy định hiện h&agrave;nh kh&ocirc;ng cấm b&aacute;n thiết bị định vị, ghi &acirc;m hay theo d&otilde;i. Mục đ&iacute;ch sử dụng t&ugrave;y thuộc v&agrave;o nhu cầu của kh&aacute;ch h&agrave;ng, ch&uacute;ng t&ocirc;i cung cấp song h&agrave;nh cả thiết bị v&agrave; giải ph&aacute;p&quot;, vị n&agrave;y cho hay.</p>\r\n\r\n<p>n chia sẻ.</p>', '1669898893_z3925549312004_9075b7bfa43812df6077e6464b6d2ea8.jpg', 1, 0, 8, 1, '2022-12-01 05:48:13', '2022-12-01 05:48:13'),
(13, 'TikTok cấm các clip nhuộm da, tắm nắng sau khi bị lên án', 'tiktok-cam-cac-clip-nhuom-da--tam-nang-sau-khi-bi-len-an', 'TikTok tuyên bố cấm clip khuyến khích nhuộm da và bổ sung nội dung giáo dục, sau khi các chuyên gia y tế cảnh báo về một xu hướng làm đẹp độc hại trên nền tảng.', '<p style=\"text-align:justify\"><img src=\"https://znews-photo.zingcdn.me/w960/Uploaded/mdf_uswreo/2022_12_01/Sunburns_FB_1.jpg\" /></p>\r\n\r\n<p style=\"text-align:justify\">TikTok c&ocirc;ng bố chiến dịch gi&aacute;o dục rộng r&atilde;i v&agrave; hiển thị d&ograve;ng cảnh b&aacute;o cho nội dung chống sạm da, mỗi khi người d&ugrave;ng t&igrave;m kiếm c&aacute;c từ như tanning (sạm da), summer (m&ugrave;a h&egrave;) hay sunburnsạm (ch&aacute;y nắng),<em>&nbsp;The Guardian</em>&nbsp;đưa tin.</p>\r\n\r\n<p style=\"text-align:justify\">Chiến dịch, nhắm mục ti&ecirc;u những người 20-39 tuổi, cũng sẽ x&oacute;a nội dung li&ecirc;n quan đến c&aacute;c hoạt động g&acirc;y &quot;nguy hiểm&quot;, bao gồm hashtag #sunburnchallenge phổ biến, c&oacute; hơn 8,4 triệu lượt xem tr&ecirc;n to&agrave;n thế giới.</p>\r\n\r\n<p style=\"text-align:justify\">Hồi th&aacute;ng 9, gi&aacute;o sư Georgina Long v&agrave; gi&aacute;o sư Richard Scolyer, đồng gi&aacute;m đốc y tế của Viện Melanoma Australia, đ&atilde; cảnh b&aacute;o về sự phổ biến của hashtag #sunburnchallenge tr&ecirc;n TikTok.</p>\r\n\r\n<p style=\"text-align:justify\">Ph&aacute;t biểu c&ugrave;ng với Cate Campbell, vận động vi&ecirc;n Olympic, đồng thời l&agrave; người từng điều trị ung thư hắc tố da (melanoma), gi&aacute;o sư Long n&oacute;i rằng những người c&oacute; ảnh hưởng tr&ecirc;n mạng x&atilde; hội với l&agrave;n da r&aacute;m nắng đ&atilde; sử dụng c&aacute;c hashtag như &quot;sunburnt tanlines&quot; v&agrave; thu h&uacute;t hơn 200 triệu lượt xem.</p>\r\n\r\n<p style=\"text-align:justify\">B&agrave; Long k&ecirc;u gọi c&aacute;c nền tảng, đ&agrave;i truyền h&igrave;nh v&agrave; những người c&oacute; ảnh hưởng &quot;thay đổi c&acirc;u chuyện văn h&oacute;a xung quanh ch&aacute;y nắng v&agrave; sạm da&quot; ở Australia v&agrave; New Zealand, những nơi c&oacute; tỷ lệ người mắc v&agrave; tử vong do ung thư da cao nhất thế giới.</p>\r\n\r\n<p style=\"text-align:justify\">Ung thư hắc tố l&agrave; dạng ung thư phổ biến nhất ở những người 20-39 tuổi ở Australia v&agrave; l&agrave; dạng ung thư da nguy hiểm nhất ở quốc gia n&agrave;y, chiếm hơn 1.000 ca tử vong/năm.</p>\r\n\r\n<p style=\"text-align:justify\">Tổ chức Cancer Australia ước t&iacute;nh sẽ c&oacute; 17.756 trường hợp mới được chẩn đo&aacute;n v&agrave;o năm 2022. Điều n&agrave;y sẽ khiến ung thư hắc tố da trở th&agrave;nh bệnh ung thư phổ biến thứ ba tr&ecirc;n to&agrave;n quốc, sau ung thư tuyến tiền liệt v&agrave; ung thư v&uacute;.</p>\r\n\r\n<p style=\"text-align:justify\">Gi&aacute;m đốc điều h&agrave;nh của Viện u &aacute;c t&iacute;nh Australia, Matthew Browne, cho biết đơn vị n&agrave;y đ&atilde; vận động trong nhiều th&aacute;ng để TikTok hạn chế nội dung độc hại c&oacute; thể ảnh hưởng đến những người d&ugrave;ng mạng x&atilde; hội trẻ tuổi. 32% người d&ugrave;ng của nền tảng 16-24 tuổi.</p>\r\n\r\n<p style=\"text-align:justify\">&quot;C&aacute;c gi&aacute;m đốc y tế của ch&uacute;ng t&ocirc;i đ&atilde; đưa ra lời k&ecirc;u gọi về nhu cầu cấp thiết phải ngăn chặn xu hướng nhuộm da lan truyền, để cứu sống những người trẻ tuổi. Cứ sau 30 ph&uacute;t lại c&oacute; một người Australia được chẩn đo&aacute;n mắc melanoma&quot;.</p>\r\n\r\n<p style=\"text-align:justify\">Trước đ&oacute;, TikTok cũng đ&atilde; phải đối mặt với phản ứng dữ dội về c&aacute;c thử th&aacute;ch nguy hại, g&acirc;y chết người lan truyền tr&ecirc;n nền tảng. &quot;Thử th&aacute;ch mất điện&quot; l&agrave;m &iacute;t nhất 7 trẻ em ở độ tuổi 15 thiệt mạng khi khuyến kh&iacute;ch người d&ugrave;ng tự b&oacute;p cổ m&igrave;nh cho đến khi bất tỉnh. &quot;Thử th&aacute;ch Benadryl&quot;, li&ecirc;n quan đến việc uống thuốc dị ứng Benadryl liều cao để tạo ảo gi&aacute;c, cũng khiến một số thanh thiếu ni&ecirc;n nhập viện, c&oacute; trường hợp tử vong.</p>', '1669899061_Sunburns_FB_1.jpg', 1, 0, 9, 1, '2022-12-01 05:51:01', '2022-12-01 05:51:01'),
(14, 'Nạn nhân thực của trào lưu giúp đỡ người nghèo trên TikTok', 'nan-nhan-thuc-cua-trao-luu-giup-do-nguoi-ngheo-tren-tiktok', 'Trong trào lưu \"lan tỏa lòng tốt\" trên TikTok, nhiều người cảm thấy bị quấy rầy, xúc phạm, chà đạp nhân phẩm vì những clip quay lén, tiết lộ danh tính và miệt thị hoàn cảnh.', '<p>&nbsp;</p>\r\n\r\n<p>&nbsp;</p>\r\n\r\n<table align=\"center\">\r\n	<tbody>\r\n		<tr>\r\n			<td><img alt=\"\" src=\"https://znews-photo.zingcdn.me/w960/Uploaded/mdf_uswreo/2022_11_26/z3913358123636_5ad064ad44eb544831a97e46a9fb136c.jpg\" title=\"null\" /></td>\r\n		</tr>\r\n		<tr>\r\n			<td>\r\n			<p>TikToker Nờ &Ocirc; N&ocirc; bị tẩy chay v&igrave; c&oacute; lời lẽ miệt thị người ngh&egrave;o.</p>\r\n			</td>\r\n		</tr>\r\n	</tbody>\r\n</table>\r\n\r\n<p>Nờ &Ocirc; N&ocirc; (hay Tuấn Brice) l&agrave; c&aacute;i t&ecirc;n đang bị d&acirc;n mạng k&ecirc;u gọi tẩy chay sau khi chia sẻ clip &quot;Người ngh&egrave;o ăn g&igrave; Nờ &Ocirc; N&ocirc; cho ăn đ&oacute;&quot;. Mang danh nghĩa gi&uacute;p đỡ những ho&agrave;n cảnh kh&oacute; khăn, nhưng TikToker n&agrave;y thường xuy&ecirc;n c&oacute; lời lẽ x&uacute;c phạm, miệt thị người ngh&egrave;o.</p>\r\n\r\n<p>Trong nhiều clip, nh&acirc;n vật được gi&uacute;p đỡ l&agrave; người gi&agrave;, v&ocirc; gia cư, trẻ em. Tất cả đều được quay r&otilde; mặt v&agrave; đ&ocirc;i l&uacute;c cảm thấy bối rối trước ống k&iacute;nh c&ugrave;ng những c&acirc;u n&oacute;i phản cảm của TikToker.</p>\r\n\r\n<p>Nờ &Ocirc; N&ocirc; kh&ocirc;ng phải người đầu ti&ecirc;n bị chỉ tr&iacute;ch v&igrave; cố t&igrave;nh tạo clip c&acirc;u view từ tr&agrave;o lưu &quot;gi&uacute;p đỡ người ngh&egrave;o&quot; tr&ecirc;n TikTok. Khi những đoạn video trả h&oacute;a đơn cho người lạ, mua thức ăn cho người v&ocirc; gia cư hay tặng hoa cho cụ b&agrave;... tr&agrave;n lan tr&ecirc;n nền tảng, ng&agrave;y c&agrave;ng nhiều người đặt nghi vấn về kh&iacute;a cạnh đạo đức của xu hướng.</p>\r\n\r\n<p>Từ việc quay l&eacute;n nơi c&ocirc;ng cộng cho đến c&aacute;ch TikToker sử dụng một số đặc điểm về tuổi t&aacute;c, giới t&iacute;nh, c&aacute;ch ăn mặc của người kh&aacute;c để tạo nội dung đều l&agrave; những h&agrave;nh động kh&ocirc;ng ch&iacute;nh đ&aacute;ng, bất kể mục đ&iacute;ch đề ra l&agrave; g&igrave;.</p>\r\n\r\n<p>Nhiều người phải tiếp nhận sự gi&uacute;p đỡ kh&ocirc;ng mong muốn thậm ch&iacute; so s&aacute;nh m&igrave;nh với c&aacute;c nạn nh&acirc;n của tr&ograve; chơi khăm tr&ecirc;n mạng x&atilde; hội. Họ cảm thấy kh&oacute; chịu, phiền h&agrave;, tổn thương v&igrave; bị quay l&eacute;n, l&agrave;m lộ danh t&iacute;nh hay hiểu sai về ho&agrave;n cảnh.</p>\r\n\r\n<h3>Phi nh&acirc;n t&iacute;nh</h3>\r\n\r\n<p>Giữa th&aacute;ng 7, khi đang ngồi nh&acirc;m nhi c&agrave; ph&ecirc; trong một trung t&acirc;m thương mại, Maree (Australia) bất ngờ nhận được b&oacute; hoa lớn từ một ch&agrave;ng trai lạ mặt. Người n&agrave;y kh&ocirc;ng n&oacute;i g&igrave; m&agrave; chỉ đặt hoa l&ecirc;n tay Maree rồi x&aacute;ch t&uacute;i rời đi.</p>\r\n\r\n<p>Người phụ nữ kh&ocirc;ng hiểu chuyện g&igrave; xảy ra cho đến v&agrave;i ng&agrave;y sau, khi b&agrave; thấy khu&ocirc;n mặt m&igrave;nh viral khắp mạng x&atilde; hội. L&uacute;c n&agrave;y, Maree mới biết thanh ni&ecirc;n đưa b&oacute; hoa cho m&igrave;nh l&agrave; Harrison Pawluk (22 tuổi), một TikToker c&oacute; h&agrave;ng triệu lượt theo d&otilde;i.</p>\r\n\r\n<p>Pawluk đ&atilde; chia sẻ clip tặng hoa Maree l&ecirc;n k&ecirc;nh c&aacute; nh&acirc;n với ch&uacute; th&iacute;ch: &quot;T&ocirc;i hy vọng điều n&agrave;y sẽ khiến ng&agrave;y h&ocirc;m nay của b&agrave; ấy tốt hơn&quot;. Điều n&agrave;y khiến nhiều người xem suy đo&aacute;n rằng Maree đang sống rất khổ sở. Nhiều b&igrave;nh luận động vi&ecirc;n, an ủi, thương cảm xuất hiện dưới clip, d&ugrave; kh&ocirc;ng ai biết th&ocirc;ng tin g&igrave; về Maree.</p>\r\n\r\n<p>Trong cuộc phỏng vấn với&nbsp;<em>ABC News</em>, Maree khẳng định đoạn video được quay m&agrave; kh&ocirc;ng c&oacute; sự đồng &yacute; của b&agrave;. Người phụ nữ m&ocirc; tả h&agrave;nh động của Pawluk l&agrave; &quot;phi nh&acirc;n t&iacute;nh&quot; v&agrave; &quot;giả tạo&quot;.</p>', '1669899149_z3913358123636_5ad064ad44eb544831a97e46a9fb136c.jpg', 1, 0, 9, 1, '2022-12-01 05:52:29', '2022-12-01 05:52:29'),
(15, 'Du khách thức dậy trong phòng khách sạn ngập nước ở Phuket', 'du-khach-thuc-day-trong-phong-khach-san-ngap-nuoc-o-phuket', 'Khách nghỉ dưỡng tại Phuket (Thái Lan) chia sẻ trải nghiệm kinh hoàng khi phải lội trong dòng nước đục ngầu, sâu đến mắt cá chân.', '<p style=\"text-align:justify\"><img src=\"https://znews-photo.zingcdn.me/w960/Uploaded/mdf_uswreo/2022_12_01/20223011_flooding_phuket_1.jpg\" style=\"height:602px; width:900px\" /></p>\r\n\r\n<p style=\"text-align:justify\">Cynthia Choo, người Singapore, đ&atilde; thu&ecirc; ph&ograve;ng ở Thavorn Beach Village &amp; Resort khi đi du lịch Phuket (Th&aacute;i Lan) hồi cuối th&aacute;ng 10, theo&nbsp;<em>AsiaOne</em>.</p>\r\n\r\n<p style=\"text-align:justify\">H&ocirc;m 29/11, c&ocirc; chia sẻ trải nghiệm &quot;kh&oacute; qu&ecirc;n nhất&quot; trong chuyến đi khi thức dậy v&agrave; thấy căn ph&ograve;ng m&igrave;nh thu&ecirc; ngập nước. Đoạn clip d&agrave;i 15 gi&acirc;y của Choo cho thấy nhiều đồ đạc ch&igrave;m trong l&agrave;n nước đục ngầu, s&acirc;u đến mắt c&aacute; ch&acirc;n.</p>\r\n\r\n<p style=\"text-align:justify\">Choo c&agrave;ng hoảng hốt hơn khi mở cửa v&agrave; thấy căn ph&ograve;ng đối diện cũng như nhiều khu vực kh&aacute;c trong resort đều ch&igrave;m trong biển nước.</p>\r\n\r\n<p style=\"text-align:justify\">Trả lời&nbsp;<em>AsiaOne</em>, Choo n&oacute;i c&ocirc; chỉ biết ph&ograve;ng m&igrave;nh bị ngập khi một nh&acirc;n vi&ecirc;n kh&aacute;ch sạn đến g&otilde; cửa v&agrave;o khoảng 12h15, l&uacute;c c&ocirc; đang ngủ say.</p>\r\n\r\n<p style=\"text-align:justify\">&quot;Ban đầu khi nghe tiếng g&otilde; cửa, ch&uacute;ng t&ocirc;i rất bối rối v&igrave; kh&ocirc;ng y&ecirc;u cầu bất kỳ dịch vụ ph&ograve;ng n&agrave;o. Nhưng nh&acirc;n vi&ecirc;n kh&aacute;ch sạn đ&atilde; cố gắng đ&aacute;nh thức ch&uacute;ng t&ocirc;i dậy&quot;, c&ocirc; kể.</p>\r\n\r\n<p style=\"text-align:justify\">Choo cho biết trời bắt đầu &quot;mưa kh&aacute; lớn&quot; v&agrave;o khoảng 21h30 v&agrave; &quot;mưa k&eacute;o d&agrave;i suốt đ&ecirc;m&quot;. Một số đoạn clip kh&aacute;c của c&ocirc; cho thấy vỉa h&egrave; bị nứt, m&aacute;y điều h&ograve;a kh&ocirc;ng kh&iacute; bị hỏng v&agrave; mặt đất lầy lội trong khu&ocirc;n vi&ecirc;n resort.</p>\r\n\r\n<table align=\"center\">\r\n	<tbody>\r\n		<tr>\r\n			<td style=\"text-align:justify\"><img alt=\"du lich phuket anh 1\" src=\"https://znews-photo.zingcdn.me/w860/Uploaded/mdf_uswreo/2022_12_01/c1_2415560_221016123000.jpg\" style=\"height:413px; width:620px\" title=\"du lịch phuket ảnh 1\" /></td>\r\n		</tr>\r\n		<tr>\r\n			<td>\r\n			<p style=\"text-align:justify\">Nhiều khu vực tại đảo Phuket ngập lụt do mưa lớn hồi th&aacute;ng 10. Ảnh:&nbsp;<em>Bangkok Post</em>.</p>\r\n			</td>\r\n		</tr>\r\n	</tbody>\r\n</table>\r\n\r\n<p style=\"text-align:justify\">Khu nghỉ dưỡng đ&atilde; chuyển cặp đ&ocirc;i đến một căn ph&ograve;ng lớn hơn v&agrave; cung cấp bữa s&aacute;ng, dịch vụ giặt l&agrave; miễn ph&iacute;. Nh&acirc;n vi&ecirc;n cũng gi&uacute;p kh&aacute;ch di chuyển đồ đạc l&ecirc;n sofa v&agrave; tủ. Sau khi cặp đ&ocirc;i đ&oacute;ng g&oacute;i lại h&agrave;nh l&yacute;, nh&acirc;n vi&ecirc;n đ&atilde; gi&uacute;p chuyển những thứ n&agrave;y đến ph&ograve;ng mới.</p>\r\n\r\n<p style=\"text-align:justify\">D&ugrave; cảm thấy bất tiện v&igrave; t&igrave;nh h&igrave;nh thời tiết, Choo d&agrave;nh lời khen cho c&aacute;c nh&acirc;n vi&ecirc;n đ&atilde; giải quyết mọi việc một c&aacute;ch &quot;b&igrave;nh tĩnh v&agrave; hiệu quả&quot;.</p>\r\n\r\n<p style=\"text-align:justify\">&quot;T&ocirc;i thực sự muốn cảm ơn những nh&acirc;n vi&ecirc;n kh&aacute;ch sạn đ&atilde; thức cả đ&ecirc;m, g&otilde; cửa từng ph&ograve;ng để đảm bảo mọi người đều ổn v&agrave; chuyển ph&ograve;ng cho những kh&aacute;ch bị ảnh hưởng&quot;, c&ocirc; n&oacute;i.</p>\r\n\r\n<p style=\"text-align:justify\">Choo cũng đ&atilde; n&oacute;i chuyện với một nh&acirc;n vi&ecirc;n v&agrave;o s&aacute;ng h&ocirc;m sau v&agrave; được biết rằng ng&ocirc;i nh&agrave; của anh cũng bị ngập lụt. &quot;Nhưng anh ấy vẫn l&agrave;m việc cả đ&ecirc;m để đảm bảo rằng tất cả c&aacute;c vị kh&aacute;ch đều ổn&quot;.</p>\r\n\r\n<p style=\"text-align:justify\">Th&aacute;i Lan hứng chịu mưa lớn v&agrave; b&atilde;o nhiệt đới v&agrave;o th&aacute;ng 9 v&agrave; th&aacute;ng 10, g&acirc;y lũ lụt ở 59 tỉnh th&agrave;nh, ảnh hưởng đến 450.000 ng&ocirc;i nh&agrave;.</p>\r\n\r\n<p style=\"text-align:justify\">Hồi th&aacute;ng 10, Th&aacute;i Lan cũng đưa ra cảnh b&aacute;o lũ qu&eacute;t đối với 8 tỉnh miền Nam. Mưa lớn v&agrave; lũ qu&eacute;t đ&atilde; l&agrave;m gi&aacute;n đoạn giao th&ocirc;ng vận tải, du lịch tại Phuket v&agrave; một số địa phương.</p>\r\n\r\n<p>&nbsp;</p>', '1669899232_20223011_flooding_phuket_1.jpg', 1, 0, 9, 1, '2022-12-01 05:53:52', '2022-12-01 05:53:52'),
(16, 'Chiêu trò thao túng trong các show hẹn hò', 'chieu-tro-thao-tung-trong-cac-show-hen-ho', 'Trong các chương trình truyền hình thực tế, cả người chơi lẫn khán giả đều bị thao túng bởi chiêu trò cố ý của nhà sản xuất.', '<p style=\"text-align:justify\"><img src=\"https://znews-photo.zingcdn.me/w960/Uploaded/ofh_btgazspf/2022_11_28/d785f46e_75ce_4c58_a7f2_7fff09237500_1.jpg\" style=\"height:604px; width:900px\" /></p>\r\n\r\n<p style=\"text-align:justify\">Mặc d&ugrave; mang nội dung hư cấu, series&nbsp;<em>Unreal&nbsp;</em>(khởi chiếu năm 2015) đ&atilde; đặt ra c&acirc;u hỏi về đạo đức, lu&acirc;n l&yacute; v&agrave; sự thao t&uacute;ng đằng sau ảo ảnh của những chương tr&igrave;nh hẹn h&ograve; thực tế như&nbsp;<em>The Bachelor</em>&nbsp;hay&nbsp;<em>The Bachelorette</em>.</p>\r\n\r\n<p style=\"text-align:justify\">Trong&nbsp;<em>Unreal</em>, c&aacute;c nh&agrave; sản xuất được mi&ecirc;u tả l&agrave; sử dụng mọi thủ thuật cần thiết để khiến chương tr&igrave;nh nổi tiếng. Họ cho c&aacute;c th&iacute; sinh uống rượu, kể chuyện v&agrave; n&oacute;i dối để trở th&agrave;nh kiểu nh&acirc;n vật thiện - &aacute;c như &yacute; m&igrave;nh muốn.</p>\r\n\r\n<p style=\"text-align:justify\">Họ d&aacute;n nh&atilde;n cho th&iacute; sinh l&agrave; &quot;anh h&ugrave;ng&quot; hay &quot;nh&acirc;n vật phản diện&quot; hoặc &quot;th&iacute;ch y&ecirc;u qua đường&quot;. Ngay cả người tham gia cũng kh&ocirc;ng biết m&igrave;nh sẽ bị nh&agrave;o nặn th&agrave;nh h&igrave;nh tượng n&agrave;o sau kh&acirc;u bi&ecirc;n tập.</p>\r\n\r\n<h3 style=\"text-align:justify\">Mọi người đều &quot;diễn&quot;</h3>\r\n\r\n<p style=\"text-align:justify\"><em>VICE</em>&nbsp;đ&atilde; c&oacute; cuộc tr&ograve; chuyện với một nh&agrave; sản xuất (y&ecirc;u cầu được giấu t&ecirc;n), người c&oacute; kinh nghiệm 10 năm trong lĩnh vực truyền h&igrave;nh thực tế của Australia, v&agrave; nhận được lời khẳng định rằng c&aacute;c show thực tế &quot;Bị thao t&uacute;ng 100%&quot;.</p>\r\n\r\n<p style=\"text-align:justify\">Nh&agrave; sản xuất n&agrave;y n&oacute;i rằng trong c&aacute;c show hẹn h&ograve; như&nbsp;<em>The Bachelor</em>&nbsp;hay&nbsp;<em>The Bachelorette</em>, mỗi th&iacute; sinh đều c&oacute; một lượng kh&aacute;n giả y&ecirc;u mến nhất định, song việc họ được ở lại hay phải ra về phụ thuộc ho&agrave;n to&agrave;n v&agrave;o &yacute; đồ nh&agrave; sản xuất.</p>\r\n\r\n<p style=\"text-align:justify\">Thực tế, những người độc th&acirc;n tham gia chương tr&igrave;nh hẹn h&ograve; cũng chỉ đang &quot;diễn xuất&quot;, kh&ocirc;ng hơn.</p>\r\n\r\n<p style=\"text-align:justify\">Một số trong đ&oacute;, như anh ch&agrave;ng Honey Badger, thậm ch&iacute; cố tỏ ra m&igrave;nh l&agrave; kẻ bất hảo.</p>\r\n\r\n<p style=\"text-align:justify\">Khi tham gia chương tr&igrave;nh, anh ch&agrave;ng đ&atilde; l&agrave;m tr&aacute;i kịch bản. Anh thu h&uacute;t người xem bằng sự quyến rũ v&agrave; những tr&ograve; đ&ugrave;a t&aacute;o tợn. Honey Badger đ&atilde; tắt micro của m&igrave;nh v&agrave; n&oacute;i với bạn nữ những điều kh&ocirc;ng n&ecirc;n n&oacute;i.</p>\r\n\r\n<p style=\"text-align:justify\">Tuy nhi&ecirc;n, ngay từ khi bắt đầu chương tr&igrave;nh, mỗi th&iacute; sinh đều đ&atilde; được ấn định kiểu nh&acirc;n vật họ sẽ trở th&agrave;nh.</p>\r\n\r\n<p style=\"text-align:justify\">&quot;Trong chương tr&igrave;nh thực tế, nhiều thứ bị thao t&uacute;ng ở phần edit. Nh&agrave; sản xuất c&oacute; thể trao cho một người vai ch&iacute;nh diện hoặc phản diện. Cho ai đ&oacute; đ&oacute;ng vai người tốt rất dễ, nhưng vai phản diện th&igrave; kh&oacute; hơn v&igrave; họ phải trở n&ecirc;n tệ v&agrave; l&agrave;m những điều tinh ranh&quot;, người n&agrave;y n&oacute;i.</p>\r\n\r\n<p style=\"text-align:justify\">Nếu người chơi ph&agrave;n n&agrave;n rằng &quot;T&ocirc;i kh&ocirc;ng h&agrave;i l&ograve;ng với c&aacute;ch m&igrave;nh được mi&ecirc;u tả trong chương tr&igrave;nh n&agrave;y&quot; th&igrave; cuối c&ugrave;ng họ vẫn bị &eacute;p v&agrave;o vai một kẻ tồi tệ</p>', '1669899304_Untitled1.jpg', 1, 0, 9, 1, '2022-12-01 05:55:06', '2022-12-01 05:55:06');
INSERT INTO `tintuc` (`id`, `tieude`, `tieudekhongdau`, `tomtat`, `noidung`, `hinh`, `noibat`, `soluotxem`, `id_loaitin`, `id_user`, `created_at`, `updated_at`) VALUES
(17, 'Thói ăn uống phô trương của giới thượng lưu bị chế nhạo', 'thoi-an-uong-pho-truong-cua-gioi-thuong-luu-bi-che-nhao', 'Nhiều nhà hàng, dịch vụ ăn uống cao cấp tại Mỹ đang bị chỉ trích gay gắt trên Internet vì phục vụ những món ăn phô trương với giá hàng trăm USD trong bối cảnh lạm phát.', '<p style=\"text-align:center\"><img src=\"https://znews-photo.zingcdn.me/w1920/Uploaded/aohvtsw/2022_12_01/6dc36a73d61f050ac22cdb85e6b133f3_1.jpeg\" /></p>\r\n\r\n<p style=\"text-align:justify\">Cụ thể, những b&igrave;nh luận xoay quanh vấn đề n&agrave;y được t&igrave;m thấy trong hashtag #RichPeopleFood, thu h&uacute;t 13,7 triệu lượt xem tr&ecirc;n TikTok.</p>\r\n\r\n<p style=\"text-align:justify\">Đ&oacute; l&agrave; một chủ đề n&oacute;ng hổi gần đ&acirc;y, ngay sau bộ phim kinh dị mới &ldquo;The Menu&rdquo; được c&ocirc;ng chiếu. Nội dung của t&aacute;c phẩm điện ảnh n&agrave;y được lấy cảm hứng từ thực đơn xa hoa, ph&ugrave; phiếm của giới thượng lưu, mang đậm t&iacute;nh ch&acirc;m biếm chủ nghĩa tinh hoa, theo&nbsp;<em>New York Post.</em></p>\r\n\r\n<p style=\"text-align:justify\">Trong một video được đăng bởi t&agrave;i khoản Real Talk with Ninja, người n&agrave;y đ&atilde; m&ocirc; tả lại cảnh một nh&acirc;n vi&ecirc;nphục vụ kh&eacute;o l&eacute;o chọc thủng quả b&oacute;ng h&igrave;nh thi&ecirc;n nga chứa b&ecirc;n trong l&agrave; g&agrave; Bresse của Ph&aacute;p, một giống g&agrave; hiếm, nổi tiếng tr&ecirc;n thế giới v&agrave; thường được chế biến bởi c&aacute;c đầu bếp c&oacute; sao Michelin.</p>\r\n\r\n<p style=\"text-align:justify\">M&oacute;n ăn được b&agrave;y tr&iacute; tr&ecirc;n chiếc đĩa bạc v&agrave; c&oacute; gi&aacute; khoảng&nbsp;240 USD. Cho đến nay, đoạn clip đ&atilde; c&oacute; gần 12.000 b&igrave;nh luận.</p>\r\n\r\n<p style=\"text-align:justify\">&ldquo;T&ocirc;i c&oacute; thể mua một quả b&oacute;ng bay, con g&agrave;&nbsp;10 USD, nướng n&oacute; v&agrave; n&eacute;n v&agrave;o quả b&oacute;ng rồi bật tung l&ecirc;n cho đẹp mắt&rdquo;, c&ocirc; n&oacute;i.</p>\r\n\r\n<p style=\"text-align:justify\">Nhiều người xem đồng t&igrave;nh với c&ocirc; g&aacute;i v&agrave; cho rằng những m&oacute;n ăn n&agrave;y qu&aacute; cầu kỳ, kh&ocirc;ng cần thiết.</p>\r\n\r\n<p style=\"text-align:justify\">Trong một video tiếp theo, Ninja thực hiện lại m&oacute;n g&agrave; quay giống nh&agrave; h&agrave;ng nhưng với nguy&ecirc;n liệu v&agrave; gi&aacute; rẻ hơn. C&ocirc; cho rằng bất kỳ ai cũng n&ecirc;n tiết kiệm ng&acirc;n s&aacute;ch để giảm bớt g&aacute;nh nặng chi ph&iacute; trong cuộc khủng hoảng hiện tại.</p>\r\n\r\n<p style=\"text-align:justify\">Zucchinikopf, một người d&ugrave;ng kh&aacute;c, cũng than thở v&igrave; một số dịch vụ ăn uống phục vụ phần ăn rất nhỏ nhưng lại lấy gi&aacute; kh&aacute; cao.</p>\r\n\r\n<p style=\"text-align:justify\">&ldquo;300 USD&nbsp;l&agrave; qu&aacute; nhiều cho một quả t&aacute;o. Tại sao người gi&agrave;u lại d&ugrave;ng những phần ăn nhỏ như vậy?&rdquo;, người n&agrave;y ch&uacute; th&iacute;ch trong clip của m&igrave;nh.</p>\r\n\r\n<p style=\"text-align:justify\">Đi k&egrave;m với gi&aacute; cả đắt đỏ l&agrave; những quy tắc khắt khe tr&ecirc;n b&agrave;n ăn của giới nh&agrave; gi&agrave;u, chỉ một sơ suất nhỏ cũng c&oacute; thể bị đ&aacute;nh gi&aacute; l&agrave; &quot;k&eacute;m sang&quot;.</p>\r\n\r\n<p style=\"text-align:justify\">Một số d&acirc;n mạng cho rằng giới thượng lưu thường bỏ tiền để mua trải nghiệm. V&igrave; thế, mức độ h&agrave;i l&ograve;ng được nhận x&eacute;t theo ti&ecirc;u chuẩn kh&oacute; hiểu.</p>\r\n\r\n<p style=\"text-align:justify\">Thậm ch&iacute;, trong thời kỳ gi&atilde;n c&aacute;ch x&atilde; hội v&agrave;o năm 2020, thay v&igrave; đeo khẩu trang, đổ x&ocirc; đến si&ecirc;u thị gom h&agrave;ng h&oacute;a thiết yếu, những người gi&agrave;u c&oacute; ở xứ cờ hoa tạo ra c&aacute;c quy tắc kh&aacute;c cho việc ăn uống, theo&nbsp;<em>Insider</em>.</p>\r\n\r\n<p style=\"text-align:justify\">C&ocirc;ng ty đầu bếp The Culinistas cho biết nhiều gia đ&igrave;nh đ&atilde; mạnh tay thu&ecirc; th&ecirc;m nh&acirc;n vi&ecirc;n gi&uacute;p việc. Thậm ch&iacute;, họ sẵn s&agrave;ng mướn đầu bếp ri&ecirc;ng v&agrave; đội ngũ quản gia chuy&ecirc;n mua sắm, khử tr&ugrave;ng thực phẩm.</p>\r\n\r\n<p style=\"text-align:justify\">Theo Hire Society, c&ocirc;ng ty chuy&ecirc;n tuyển dụng đầu bếp, quản gia v&agrave; gi&uacute;p việc, những gia đ&igrave;nh thượng lưu c&oacute; ng&acirc;n s&aacute;ch kh&aacute; lớn d&agrave;nh cho ăn uống. &Ocirc;ng Forrest Barnett, nh&acirc;n vi&ecirc;n của Hire Society, cho hay một số nh&agrave; chi tới&nbsp;1 triệu USD/năm cho thực phẩm.</p>\r\n\r\n<p style=\"text-align:center\"><img alt=\"an uong xa hoa anh 2\" src=\"https://znews-photo.zingcdn.me/w860/Uploaded/aohvtsw/2022_12_01/082622_n13_ravenouspigmagicaldining_08262022.jpeg\" /></p>\r\n\r\n<p style=\"text-align:justify\">C&aacute;c đầu bếp ri&ecirc;ng thường c&oacute; thu nhập 120.000-400.000 USD/năm.</p>\r\n\r\n<p style=\"text-align:justify\">Khi đ&atilde; ch&aacute;n đến nh&agrave; h&agrave;ng, họ đặt dịch vụ giao trực tiếp trứng c&aacute; caviar, nấm truffle, cua ho&agrave;ng đế tươi sống, thịt b&ograve; Wagyu đến tận nh&agrave; để thưởng thức.</p>\r\n\r\n<p style=\"text-align:justify\">&ldquo;Mỗi ng&agrave;y, ch&uacute;ng t&ocirc;i c&oacute; những bữa tối ho&agrave;n hảo, uống cocktail v&agrave; chơi b&agrave;i sau khi ăn&rdquo;, b&agrave; Stewart, một cư d&acirc;n gi&agrave;u c&oacute; ở New York, chia sẻ trong chương tr&igrave;nh&nbsp;<em>Saturday Night Liv</em>e.</p>', '1669899438_9_29_Lobster.jpeg', 1, 0, 9, 1, '2022-12-01 05:57:18', '2022-12-01 05:57:18'),
(18, 'CLB Sài Gòn thanh lý những cầu thủ cuối cùng', 'clb-sai-gon-thanh-ly-nhung-cau-thu-cuoi-cung', 'Thực hiện cam kết với cầu thủ, sáng 1/12, CLB Sài Gòn đã trả các loại chi phí và giấy thanh lý.', '<p style=\"text-align:justify\"><img src=\"https://znews-photo.zingcdn.me/w960/Uploaded/aopuoax/2021_09_11/clb_sai_gon.JPG\" style=\"height:597px; width:900px\" /></p>\r\n\r\n<p style=\"text-align:justify\">Trao đổi với&nbsp;<em>Zing</em>, một l&atilde;nh đạo CLB S&agrave;i G&ograve;n cho biết: &quot;Ch&uacute;ng t&ocirc;i bắt đầu thủ tục thanh l&yacute; cầu thủ v&agrave;o s&aacute;ng 1/12 ở quận 4 (TP.HCM). Đ&acirc;y l&agrave; cam kết cuối c&ugrave;ng của đội với cầu thủ trước khi tiến đến c&aacute;c bước tiếp theo&quot;.</p>\r\n\r\n<p style=\"text-align:justify\">Một số cầu thủ đ&atilde; chia sẻ t&igrave;nh h&igrave;nh của m&igrave;nh tr&ecirc;n mạng x&atilde; hội. Họ chen lẫn cảm x&uacute;c vừa buồn vừa vui. Buồn v&igrave; kh&ocirc;ng c&ograve;n được gắn b&oacute; với đội v&agrave; tương lai của đội u &aacute;m, vui v&igrave; được CLB giải quyết chế độ v&agrave; c&oacute; giấy thanh l&yacute; để t&igrave;m đội b&oacute;ng mới.</p>\r\n\r\n<p style=\"text-align:justify\">Một cầu thủ cho biết họ c&ograve;n một khoản lương th&aacute;ng 11 sẽ được l&atilde;nh v&agrave;o ng&agrave;y 10/12. Sau thời gian n&agrave;y, tất cả cầu thủ sẽ kh&ocirc;ng c&ograve;n li&ecirc;n quan g&igrave; đến CLB S&agrave;i G&ograve;n nữa. C&aacute;c tranh chấp ph&aacute;t sinh sẽ được giải quyết sau đ&oacute;.</p>\r\n\r\n<p style=\"text-align:justify\"><img alt=\"sai gon giai tan anh 1\" src=\"https://znews-photo.zingcdn.me/w860/Uploaded/aopuoax/2022_12_01/sai_gon_thanh_ly.jpg\" /></p>\r\n\r\n<p style=\"text-align:justify\">C&aacute;c cầu thủ c&oacute; mặt v&agrave;o s&aacute;ng 1/12 chủ yếu l&agrave; nh&oacute;m c&aacute;c cầu thủ c&ograve;n bị nợ tiền l&oacute;t tay 40% của giai đoạn 2 m&ugrave;a giải 2022. Họ đồng &yacute; giảm hơn một nữa để chia sẻ với CLB. Theo cam kết trước đ&oacute; của họ th&igrave; khi n&agrave;o c&oacute; tiền đền b&ugrave; th&igrave; cầu thủ mới k&yacute; giấy thanh l&yacute;.</p>\r\n\r\n<p style=\"text-align:justify\">C&aacute;c cầu thủ kh&ocirc;ng c&oacute; chi ph&iacute; l&oacute;t tay hoặc khoản ph&iacute; n&agrave;o kh&aacute;c ngo&agrave;i lương đ&atilde; k&yacute; giấy thanh l&yacute; ở s&acirc;n Thống Nhất sau trận đấu cuối c&ugrave;ng của đội ở V.League 2022. Nh&oacute;m cầu thủ n&agrave;y kh&ocirc;ng c&ograve;n r&agrave;ng buộc g&igrave; sau đ&oacute;.</p>\r\n\r\n<p style=\"text-align:justify\">Nh&oacute;m 5 cầu thủ vừa thi đấu theo dạng cho mượn ở Nhật Bản sẽ được CLB S&agrave;i G&ograve;n gửi giấy thanh l&yacute; về nh&agrave;. Họ t&igrave;m đội b&oacute;ng mới trong t&igrave;nh cảm hoang mang. Một v&agrave;i cầu thủ dưới 21 tuổi tranh thủ t&igrave;m đơn vị để dự VCK U21 Quốc gia.</p>\r\n\r\n<p style=\"text-align:justify\">CLB S&agrave;i G&ograve;n ch&iacute;nh thức giải t&aacute;n, kh&ocirc;ng c&ograve;n cầu thủ v&agrave; ban huấn luyện. Đội b&oacute;ng chỉ c&ograve;n l&agrave; thực thể với tư c&aacute;ch đội b&oacute;ng hạng Nhất Quốc gia m&ugrave;a giải 2023. Tương lai của đội b&oacute;ng c&ograve;n l&agrave; dấu chấm hỏi?</p>\r\n\r\n<p style=\"text-align:justify\">M&ugrave;a giải 2022, CLB S&agrave;i G&ograve;n rớt hạng với 22 điểm sau 24 trận đấu. Họ xuống chơi ở V.League 2. M&ugrave;a giải 2023 sẽ bắt đầu v&agrave;o đầu th&aacute;ng 2 v&agrave; kh&ocirc;ng c&ograve;n nhiều thời gian để đội chuẩn bị sau khi thanh l&yacute; hết tất cả cầu thủ và ban huấn luyện.</p>', '1669899550_clb_sai_gon.jpg', 1, 0, 7, 1, '2022-12-01 05:59:10', '2022-12-01 05:59:10'),
(19, 'Cầu thủ Colombia chết sau buổi tập', 'cau-thu-colombia-chet-sau-buoi-tap', 'Andres Balanta bị đột quỵ trong buổi tập với CLB Atletico Tucuman, Argentina. Sau đó, anh được đưa tới bệnh viện nhưng không qua khỏi ở tuổi 22.', '<p style=\"text-align:justify\"><img src=\"https://znews-photo.zingcdn.me/w960/Uploaded/mfnuy/2022_12_01/16697664103882.jpg\" /></p>\r\n\r\n<p style=\"text-align:justify\">Tiền vệ người Colombia, Andres Balanta, qua đời h&ocirc;m 29/11 (giờ địa phương). Anh đột quỵ trong buổi tập với CLB Atletico Tucuman, theo x&aacute;c nhận từ đội b&oacute;ng đang thi đấu tại giải VĐQG Argentina. Li&ecirc;n đo&agrave;n B&oacute;ng đ&aacute; Argentina v&agrave; Colombia cũng gửi lời chia buồn tới gia đ&igrave;nh cầu thủ n&agrave;y.</p>\r\n\r\n<p style=\"text-align:justify\">Balanta, năm nay 22 tuổi, mới hội qu&acirc;n trở lại v&agrave; tập buổi đầu ti&ecirc;n c&ugrave;ng to&agrave;n đội sau kỳ nghỉ lễ. Sau khi gặp sự cố, th&agrave;nh vi&ecirc;n đội b&oacute;ng nhanh ch&oacute;ng đưa cầu thủ người Colombia đến bệnh viện. Anh kh&ocirc;ng qua khỏi sau hơn 40 ph&uacute;t được c&aacute;c b&aacute;c sĩ thực hiện c&aacute;c thao t&aacute;c hồi sức v&agrave; d&ugrave;ng tới m&aacute;y khử rung tim nhưng kh&ocirc;ng th&agrave;nh c&ocirc;ng.</p>\r\n\r\n<p style=\"text-align:justify\">&quot;Ch&uacute;ng t&ocirc;i rất tiếc phải th&ocirc;ng b&aacute;o về c&aacute;i chết của Andres Balanta. Những người h&acirc;m mộ c&acirc;u lạc bộ rất đau buồn. Tất nhi&ecirc;n, ch&uacute;ng t&ocirc;i lu&ocirc;n b&ecirc;n cạnh gia đ&igrave;nh, đồng đội v&agrave; bạn b&egrave; của cậu ấy&quot;, Ignacio Golobisky, quan chức của CLB Atletico Tucuman, n&oacute;i với giới truyền th&ocirc;ng.</p>\r\n\r\n<p style=\"text-align:justify\">Tờ b&aacute;o địa phương&nbsp;<em>La Gaceta</em>&nbsp;th&ocirc;ng tin rằng cầu thủ n&agrave;y từng bị ngất xỉu khi chơi cho Deportivo Cali v&agrave;o năm 2019. Thời điểm đ&oacute;, c&aacute;c cuộc kiểm tra y tế m&agrave; cầu thủ n&agrave;y thực hiện kh&ocirc;ng cho thấy bất kỳ kết quả bất thường n&agrave;o.</p>\r\n\r\n<p style=\"text-align:justify\">Balanta bắt đầu chơi b&oacute;ng chuy&ecirc;n nghiệp trong m&agrave;u &aacute;o CLB qu&ecirc; hương Deportivo Cali v&agrave;o năm 2019. Th&aacute;ng 7/2021, Balanta gia nhập Atletico Tucuman. Balanta từng kho&aacute;c &aacute;o đội trẻ Colombia ở U20 World Cup năm 2019 diễn ra tại Indonesia.</p>\r\n\r\n<p style=\"text-align:justify\">Trước Balanta, l&agrave;ng t&uacute;c cầu cũng chứng kiến một trường hợp đột ngột qua đời trong l&uacute;c tập luyện. H&ocirc;m 16/11 vừa qua, &ocirc;ng Johan Hamel, trọng t&agrave;i h&agrave;ng đầu Ligue 1, bị đột quỵ khi đang tập luyện với c&aacute;c đồng nghiệp.</p>\r\n\r\n<p style=\"text-align:justify\">&Ocirc;ng Hamel nằm trong số những trọng t&agrave;i h&agrave;ng đầu b&oacute;ng đ&aacute; Ph&aacute;p nửa thập ni&ecirc;n qua. &Ocirc;ng tham gia điều h&agrave;nh (bắt ch&iacute;nh hoặc gi&aacute;m s&aacute;t) 136 trận đấu tại Ligue 1, trong đ&oacute; c&oacute; 8 trận m&ugrave;a n&agrave;y. Vị trọng t&agrave;i n&agrave;y l&agrave;m nhiệm vụ lần cuối trong vai tr&ograve; trợ l&yacute; VAR trong chiến thắng 5-0 của PSG trước Auxerre ở v&ograve;ng 15 Ligue 1.</p>\r\n\r\n<p style=\"text-align:center\">&nbsp;</p>', '1669899606_16697664103882.jpg', 1, 0, 7, 1, '2022-12-01 06:00:06', '2022-12-01 06:00:06'),
(20, 'Bản ngã của Maguire nằm ở ĐT Anh', 'ban-nga-cua-maguire-nam-o-dt-anh', 'Sau khoảng thời gian sa sút phong độ ở Manchester United, Harry Maguire đang cảm thấy thoải mái và chơi thứ bóng đá tốt nhất khi khoác lên mình màu áo Tam Sư.', '<p style=\"text-align:justify\">Sau một buổi tập tại Man United đầu năm 2022, Harry Maguire nhận được một e-mail nặc danh được gửi th&ocirc;ng qua người đại diện của m&igrave;nh. E-mail với nội dung rằng c&oacute; ba quả bom đ&atilde; được g&agrave;i sẵn tại nh&agrave; của anh ở Wilmslow, v&agrave; hậu vệ người Anh c&oacute; 72 giờ để rời khỏi đội chủ s&acirc;n Old Trafford trước khi ch&uacute;ng được k&iacute;ch nổ.</p>\r\n\r\n<p style=\"text-align:justify\">Cảnh s&aacute;t đ&atilde; được gọi đến ngay lập tức. Một ch&uacute; ch&oacute; nghiệp vụ được cử đến để t&igrave;m kiếm to&agrave;n bộ ng&ocirc;i nh&agrave; v&agrave; khu vườn của cầu thủ người Anh, v&agrave; kết quả l&agrave; kh&ocirc;ng chất nổ n&agrave;o được t&igrave;m thấy. Maguire đ&atilde; phải vội v&atilde; trở về nh&agrave; với gia đ&igrave;nh từ trung t&acirc;m huấn luyện Carrington. Trong khi vợ chưa cưới v&agrave; c&aacute;c con của anh đ&atilde; được chuyển đến một ng&ocirc;i nh&agrave; an to&agrave;n, Maguire chuyển đến sống c&ugrave;ng một đồng đội trong v&agrave;i ng&agrave;y. Kh&ocirc;ng ai bị kết tội sau vụ việc n&agrave;y.</p>\r\n\r\n<p style=\"text-align:center\"><img alt=\"Harry Maguire,  DT Anh,  World Cup 2022,  Man United,  Gareth Southgate anh 1\" src=\"https://znews-photo.zingcdn.me/w860/Uploaded/sotntt/2022_11_30/ban_nga_maguire_2.jpg\" /></p>\r\n\r\n<h3 style=\"text-align:justify\">Đam m&ecirc; bị th&aacute;ch thức</h3>\r\n\r\n<p style=\"text-align:justify\">Ng&agrave;y c&agrave;ng c&oacute; nhiều mối đe dọa ở tr&ecirc;n mạng x&atilde; hội xảy đến với c&aacute;c cầu thủ. Vai tr&ograve; của truyền th&ocirc;ng đối với những trường hợp ph&acirc;n định ranh giới giữa người h&ugrave;ng v&agrave; kẻ &aacute;c trong x&atilde; hội ng&agrave;y nay đang g&acirc;y ra những ảnh hưởng ti&ecirc;u cực. Đối với Maguire, điều đ&aacute;ng được quan t&acirc;m hơn c&oacute; lẽ l&agrave; việc anh đ&atilde; định h&igrave;nh bản th&acirc;n m&igrave;nh như thế n&agrave;o sau trải nghiệm như vậy.</p>\r\n\r\n<p style=\"text-align:justify\">Thật kh&oacute; để chấp nhận thực tại đ&aacute;ng buồn của cầu thủ thời c&ocirc;ng nghệ 4.0. Nỗ lực trong sự nghiệp b&oacute;ng đ&aacute; để g&acirc;y dựng cuộc sống hay niềm vui, nhưng cuối c&ugrave;ng lại phải đ&oacute;n nhận những lời chửi rủa hay dọa đ&aacute;nh bom, khiến gia đ&igrave;nh kh&ocirc;ng c&ograve;n an to&agrave;n. Thật kh&oacute; để gượng dậy sau những c&uacute; đ&aacute;nh v&agrave;o tinh thần của con người sau những sự việc như vậy. Trở lại sự nghiệp mang đến cho m&igrave;nh những rắc rối đ&oacute; c&ograve;n l&agrave; điều kh&oacute; khăn hơn.</p>\r\n\r\n<p style=\"text-align:justify\">Xung quanh Maguire c&oacute; những cầu thủ kh&aacute;c, nhưng kh&ocirc;ng ai từng gửi lời đe dọa đ&aacute;nh bom tới Paul Pogba hoặc đe dọa giết gia đ&igrave;nh John Stones. C&oacute; lẽ ở một mức độ n&agrave;o đ&oacute;, ch&iacute;nh những phẩm chất khiến Maguire nhanh ch&oacute;ng trở th&agrave;nh một nh&acirc;n vật được quan t&acirc;m cũng khiến anh dễ trở th&agrave;nh mục ti&ecirc;u được c&ocirc;ng ch&uacute;ng hướng đến. Anh &iacute;t khi trốn c&aacute;nh b&aacute;o giới, lu&ocirc;n thể hiện sự cố gắng, sẵn s&agrave;ng đối mặt v&agrave; t&igrave;nh nguyện trả lời phỏng vấn sau trận đấu.</p>\r\n\r\n<p style=\"text-align:justify\">Chất lượng thi đấu của Maguire l&agrave; chủ đề được b&agrave;n t&aacute;n rất nhiều. Tại Manchester United, Maguire chỉ l&agrave; lựa chọn thứ 4 dưới thời Erik ten Hag. Tại ĐT Anh, Maguire l&agrave; nh&acirc;n tố kh&ocirc;ng thể thiếu trong th&agrave;nh phần của Gareth Southgate. Trung vệ 29 tuổi đ&aacute; ch&iacute;nh cả 3 trận tại v&ograve;ng bảng của &ldquo;Tam Sư&rdquo; c&oacute; một kiến tạo cho đồng đội lập c&ocirc;ng.</p>\r\n\r\n<p style=\"text-align:center\"><img alt=\"Harry Maguire,  DT Anh,  World Cup 2022,  Man United,  Gareth Southgate anh 2\" src=\"https://znews-photo.zingcdn.me/w1920/Uploaded/sotntt/2022_11_30/ban_nga_maguire.jpg\" style=\"height:652px; width:900px\" /></p>\r\n\r\n<p style=\"text-align:justify\">Tại Leicester City, 2017-18 c&oacute; lẽ l&agrave; m&ugrave;a giải cuối c&ugrave;ng của Maguire với tư c&aacute;ch l&agrave; một cầu thủ &iacute;t được biết đến, anh đ&atilde; ho&agrave;n th&agrave;nh 51 lần r&ecirc; b&oacute;ng th&agrave;nh c&ocirc;ng v&agrave; c&oacute; 115 đường chuyền ph&aacute;t động tấn c&ocirc;ng (được định nghĩa l&agrave; đưa b&oacute;ng về ph&iacute;a trước &iacute;t nhất 10 m).</p>\r\n\r\n<p style=\"text-align:justify\">Thống k&ecirc; về số đường chuyền ph&aacute;t động tấn c&ocirc;ng v&agrave; r&ecirc; b&oacute;ng th&agrave;nh c&ocirc;ng của Harry Maguire được cải thiện khi thi đấu cho đội tuyển Anh. Đ&acirc;y l&agrave; phi&ecirc;n bản trong thời kỳ mới nổi của Maguire: d&aacute;m cầm b&oacute;ng, d&aacute;m tấn c&ocirc;ng như một trung vệ trong b&oacute;ng đ&aacute; hiện đại. Dần dần, những số liệu đ&oacute; c&agrave;ng ng&agrave;y c&agrave;ng giảm s&uacute;t r&otilde; rệt. Minh chứng l&agrave; ở m&ugrave;a giải n&agrave;y, Maguire mới chỉ ho&agrave;n th&agrave;nh 4 đường chuyền ph&aacute;t động tấn c&ocirc;ng. Điều đ&aacute;ng ch&uacute; &yacute; nhất l&agrave; anh vẫn chưa c&oacute; một t&igrave;nh huống r&ecirc; b&oacute;ng th&agrave;nh c&ocirc;ng n&agrave;o.</p>\r\n\r\n<p style=\"text-align:justify\">C&oacute; thể người ta sẽ kết luận rằng Maguire đ&atilde; trở th&agrave;nh một cầu thủ ngại mạo hiểm, cẩn trọng dần trong những pha k&eacute;o b&oacute;ng l&ecirc;n tr&ecirc;n. Điều ngược lại xảy ra trong m&agrave;u &aacute;o đội tuyển Anh. Trong trận đấu với tuyển Mỹ tại v&ograve;ng bảng World Cup 2022, Maguire thể hiện được khả năng của m&igrave;nh với một c&uacute; s&uacute;t xa t&aacute;o bạo gần đường bi&ecirc;n tr&aacute;i, su&yacute;t đi tr&uacute;ng khung th&agrave;nh.</p>\r\n\r\n<p>&nbsp;</p>', '1669899712_ban_nga_maguire.jpg', 1, 0, 7, 1, '2022-12-01 06:01:52', '2022-12-01 06:01:52'),
(21, 'Đừng kỳ thị HIV/AIDS nữa', 'dung-ky-thi-hiv/aids-nua', 'Theo các nhà hoạt động AIDS, để góp phần phòng, chống HIV/AIDS, chúng ta cần hiểu rõ tình trạng của bản thân, giảm bớt sự kỳ thị cũng như tăng cường giáo dục giới tính.', '<p style=\"text-align:center\"><img src=\"https://znews-photo.zingcdn.me/w960/Uploaded/moguvt/2022_12_01/world_aids_day_2020__1.jpg\" style=\"height:599px; width:900px\" /></p>\r\n\r\n<p style=\"text-align:justify\">Ng&agrave;y 1/12 l&agrave; Ng&agrave;y Thế giới ph&ograve;ng, chống AIDS (World AIDS Day). Đ&acirc;y l&agrave; sự kiện thường ni&ecirc;n nhằm n&acirc;ng cao nhận thức v&agrave; nguồn t&agrave;i trợ để chống lại căn bệnh AIDS tr&ecirc;n to&agrave;n thế giới.</p>\r\n\r\n<p style=\"text-align:justify\">Trong 4 thập kỷ qua, c&aacute;c nh&agrave; nghi&ecirc;n cứu v&agrave; người ủng hộ tập trung nhiều v&agrave;o HIV, nhưng n&oacute; vẫn l&agrave; vấn đề sức khỏe to&agrave;n cầu. Tổ chức Y tế Thế giới ước t&iacute;nh khoảng 38,4 triệu người đang sống chung với HIV v&agrave;o cuối năm 2021.</p>\r\n\r\n<p style=\"text-align:justify\">Deondre Moore v&agrave; Ashley Rose Murphy, 2 nh&agrave; hoạt động AIDS nổi tiếng, đ&atilde; chỉ ra 5 c&aacute;ch m&agrave; ch&uacute;ng ta c&oacute; thể l&agrave;m để g&oacute;p phần ngăn chặn HIV v&agrave; AIDS.</p>\r\n\r\n<h3 style=\"text-align:justify\">Hiểu r&otilde; t&igrave;nh trạng của bản th&acirc;n</h3>\r\n\r\n<p style=\"text-align:justify\">Biết t&igrave;nh trạng HIV của bản th&acirc;n l&agrave; điều quan trọng. Một số người nghĩ rằng họ biết t&igrave;nh trạng của m&igrave;nh v&igrave; đ&atilde; từng x&eacute;t nghiệm HIV v&agrave;o một thời điểm n&agrave;o đ&oacute;. Nhưng HIV c&oacute; thể l&acirc;y truyền bất cứ l&uacute;c n&agrave;o qua m&aacute;u, tinh dịch, dịch &acirc;m đạo hoặc thậm ch&iacute; l&agrave; sữa mẹ của người bị nhiễm bệnh.</p>\r\n\r\n<p style=\"text-align:justify\">Nh&agrave; hoạt động Deondre Moore, nh&acirc;n vật của năm 2022 do tạp ch&iacute;&nbsp;<em>HIV Plus</em>&nbsp;b&igrave;nh chọn, x&eacute;t nghiệm dương t&iacute;nh với HIV khi anh 19 tuổi.</p>\r\n\r\n<p style=\"text-align:justify\">&ldquo;Nếu biết t&igrave;nh trạng của m&igrave;nh, điều đ&oacute; sẽ tiếp th&ecirc;m sức mạnh cho bạn. N&oacute; bảo vệ bạn, bảo vệ người tiếp theo v&agrave; gi&uacute;p bạn biết bản th&acirc;n cần phải l&agrave;m g&igrave; sau đ&oacute;&rdquo;, Moore n&oacute;i với&nbsp;<em>CNN</em>.</p>\r\n\r\n<p style=\"text-align:justify\">Việc biết r&otilde; t&igrave;nh trạng cho thấy bạn quan t&acirc;m đến bản th&acirc;n v&agrave; người bạn t&igrave;nh. CDC đề nghị bất kỳ ai c&oacute; quan hệ t&igrave;nh dục kh&ocirc;ng an to&agrave;n hoặc d&ugrave;ng chung kim ch&iacute;ch ma t&uacute;y n&ecirc;n đi x&eacute;t nghiệm &iacute;t nhất mỗi năm một lần.</p>\r\n\r\n<h3 style=\"text-align:justify\">Chấm dứt kỳ thị</h3>\r\n\r\n<p style=\"text-align:justify\">Nhiều người c&oacute; nỗi sợ h&atilde;i, định kiến ​​cũng như th&aacute;i độ ti&ecirc;u cực về HIV v&agrave; AIDS. Điều n&agrave;y c&oacute; thể kh&ocirc;ng bắt nguồn từ thực tế. Kỳ thị dẫn đến ph&acirc;n biệt đối xử, khiến cộng đồng bị ảnh hưởng bởi HIV c&aacute;ch ly ra khỏi x&atilde; hội.</p>\r\n\r\n<p style=\"text-align:justify\">Khi 28 tuổi, Moore nh&igrave;n lại chẩn đo&aacute;n của m&igrave;nh v&agrave;o năm 2014. Đ&oacute; l&agrave; l&uacute;c anh nhận ra bản th&acirc;n phải vượt qua những suy nghĩ v&agrave; quan niệm sai lầm về HIV.</p>\r\n\r\n<p style=\"text-align:justify\">&ldquo;Tất cả những g&igrave; t&ocirc;i thật sự nghe được l&agrave; &lsquo;Bạn c&oacute; thể sẽ chết sớm th&ocirc;i&rsquo;. L&uacute;c đ&oacute;, t&ocirc;i thấy m&igrave;nh thật thiếu kiến thức&rdquo;, anh n&oacute;i.</p>\r\n\r\n<p style=\"text-align:justify\">Ashley Rose Murphy, 24 tuổi, nhiễm HIV bẩm sinh từ trong bụng mẹ. Murphy hiện l&agrave; đại sứ của Tổ chức AIDS Nhi khoa Elizabeth Glaser. C&ocirc; v&agrave; Moore đồng &yacute; rằng c&oacute; sự ph&acirc;n chia thế hệ giữa người sống trong giai đoạn căn bệnh n&agrave;y được coi l&agrave; bản &aacute;n tử h&igrave;nh v&agrave; người sinh ra sau đ&oacute;.</p>\r\n\r\n<p style=\"text-align:justify\">C&ocirc; Murphy n&oacute;i: &ldquo;Những bậc cha mẹ n&agrave;y nhận thức r&otilde; hơn về điều g&igrave; đ&atilde; xảy ra trong thập ni&ecirc;n 80, họ rất sợ h&atilde;i. Thời điểm đ&oacute;, những g&igrave; c&ograve;n lại chỉ l&agrave; sự xấu hổ v&agrave; im lặng. Mặt kh&aacute;c, thế hệ của t&ocirc;i, họ kh&ocirc;ng c&ograve;n sống trong những năm 80. V&igrave; vậy, họ kh&ocirc;ng hiểu hết về đại dịch AIDS&rdquo;.</p>\r\n\r\n<p style=\"text-align:justify\">Moore n&oacute;i th&ecirc;m: &ldquo;Để giảm bớt sự kỳ thị v&agrave; x&oacute;a bỏ quan niệm HIV giống như những năm 80, ch&uacute;ng ta phải l&ecirc;n tiếng&rdquo;.</p>\r\n\r\n<p style=\"text-align:justify\">Cả hai nh&agrave; hoạt động đều cho biết quan niệm sai lầm v&agrave; sự kỳ thị HIV l&agrave; động lực th&uacute;c đẩy họ c&ocirc;ng khai vận động cho sự nghiệp ph&ograve;ng chống AIDS.</p>\r\n\r\n<p style=\"text-align:justify\">Moore n&oacute;i với&nbsp;<em>CNN</em>: &ldquo;T&ocirc;i đ&atilde; trở th&agrave;nh hiệu ứng domino, mọi chuyện vẫn cứ tiếp tục diễn ra. T&ocirc;i lu&ocirc;n suy nghĩ xem m&igrave;nh c&oacute; thể l&agrave;m g&igrave; để c&aacute;c em b&eacute; hoặc thanh ni&ecirc;n kh&ocirc;ng phải lớn l&ecirc;n với sự lo lắng về HIV trong suốt cuộc đời&rdquo;.</p>\r\n\r\n<p style=\"text-align:justify\">Bạn cũng c&oacute; thể đ&oacute;ng một vai tr&ograve; thiết yếu trong việc giảm kỳ thị v&agrave; ph&acirc;n biệt đối xử bằng c&aacute;ch hỗ trợ những người sống chung với HIV cũng như l&ecirc;n tiếng chống lại lầm tưởng v&agrave; định kiến về n&oacute;.</p>\r\n\r\n<h3 style=\"text-align:justify\">Gi&aacute;o dục bản th&acirc;n v&agrave; truyền tiếng n&oacute;i</h3>\r\n\r\n<p style=\"text-align:justify\">Khi c&ograve;n học trung học, Murphy đ&atilde; đi khắp thế giới để chia sẻ về HIV v&agrave; AIDS. C&ocirc; từng được gi&aacute;o vi&ecirc;n sức khỏe y&ecirc;u cầu viết b&agrave;i luận về những điều m&igrave;nh ph&aacute;t biểu.</p>\r\n\r\n<p style=\"text-align:justify\">Gi&aacute;o dục đ&oacute;ng vai tr&ograve; quan trọng trong cuộc chiến chống HIV/AIDS. Những người trẻ biết nhiều về n&oacute; hơn sẽ c&oacute; khả năng được x&eacute;t nghiệm cao hơn. Gi&aacute;o dục về HIV/AIDS tại trường học l&agrave; phương ph&aacute;p can thiệp c&oacute; hiệu quả nhưng kh&ocirc;ng phải l&uacute;c n&agrave;o c&oacute; sẵn.</p>\r\n\r\n<p style=\"text-align:justify\">Moore cho biết: &ldquo;Rất nhiều trường c&ocirc;ng lập ở Mỹ kh&ocirc;ng thực thi gi&aacute;o dục giới t&iacute;nh to&agrave;n diện. Cả Murphy v&agrave; Moore đều đề nghị người nhiễm bệnh n&ecirc;n n&oacute;i chuyện với b&aacute;c sĩ gia đ&igrave;nh, theo d&otilde;i c&aacute;c nguồn th&ocirc;ng tin đ&aacute;ng tin cậy như HIV.gov v&agrave; những người ủng hộ họ. T&ocirc;i hy vọng tiếng n&oacute;i của m&igrave;nh sẽ ph&aacute; vỡ sự kỳ thị v&agrave; gi&aacute;o dục mọi người&rdquo;.</p>\r\n\r\n<h3 style=\"text-align:justify\">H&atilde;y l&agrave; một đồng minh</h3>\r\n\r\n<p style=\"text-align:justify\">Một số điều đơn giản bạn c&oacute; thể l&agrave;m để trở th&agrave;nh đồng minh của cộng đồng bị ảnh hưởng bởi HIV. Murphy cho biết: &ldquo;H&atilde;y cảm thấy thật thoải m&aacute;i khi b&agrave;n luận về HIV. Ch&uacute;ng ta từng ch&uacute;t một thảo luận về HIV để khiến n&oacute; trở th&agrave;nh một phần b&igrave;nh thường của cuộc tr&ograve; chuyện&rdquo;.</p>\r\n\r\n<p style=\"text-align:justify\">Ngo&agrave;i ra, ch&uacute;ng ta c&oacute; thể trở th&agrave;nh người biết lắng nghe, hỗ trợ v&agrave; đảm bảo việc l&acirc;y nhiễm c&oacute; thể kiểm so&aacute;t được. Ch&uacute;ng ta n&ecirc;n khuyến kh&iacute;ch bệnh nh&acirc;n HIV/AIDS tu&acirc;n thủ c&aacute;c quy tr&igrave;nh y tế v&igrave; điều trị sớm v&agrave; đ&uacute;ng c&aacute;ch c&oacute; thể tạo ra sự kh&aacute;c biệt trong qu&aacute; tr&igrave;nh tiến triển của AIDS.</p>\r\n\r\n<h3 style=\"text-align:justify\">Quy&ecirc;n g&oacute;p cho c&aacute;c hoạt động li&ecirc;n quan đến AIDS</h3>\r\n\r\n<p style=\"text-align:justify\">C&aacute;c tổ chức từ thiện li&ecirc;n quan đến HIV/AIDS nhằm mục đ&iacute;ch ngăn ngừa ca nhiễm mới bằng c&aacute;ch khuyến kh&iacute;ch h&agrave;nh vi t&igrave;nh dục an to&agrave;n hơn v&agrave; ph&acirc;n ph&aacute;t c&aacute;c phương ph&aacute;p ph&ograve;ng ngừa (như bao cao su, thuốc...). Mặc d&ugrave; kh&ocirc;ng c&oacute; c&aacute;ch n&agrave;o trong số n&agrave;y c&oacute; thể chữa khỏi HIV hoặc AIDS, một số tổ chức từ thiện cũng t&agrave;i trợ th&ecirc;m cho nghi&ecirc;n cứu về c&aacute;ch chữa trị.</p>', '1669899845_world_aids_day_2020__1.jpg', 1, 0, 10, 1, '2022-12-01 06:04:05', '2022-12-01 06:04:05'),
(22, 'Phân biệt cúm B với cảm lạnh', 'phan-biet-cum-b-voi-cam-lanh', 'Bệnh cúm B thường bị nhầm với cảm lạnh do cùng có những dấu hiệu điển hình như hắt hơi, sổ mũi. Tuy nhiên, các triệu chứng của bệnh cúm B thường nghiêm trọng hơn.', '<p style=\"text-align:center\"><img src=\"https://znews-photo.zingcdn.me/w1920/Uploaded/gtnvzv/2022_11_29/shutterstock_1523330795.jpg\" style=\"height:600px; width:900px\" /></p>\r\n\r\n<p style=\"text-align:justify\">C&uacute;m B l&acirc;y từ người sang người th&ocirc;ng qua c&aacute;c giọt bắn nhỏ (c&oacute; chứa virus c&uacute;m) trong kh&ocirc;ng kh&iacute; khi người bị mắc bệnh ho, hắt hơi, n&oacute;i chuyện hoặc c&oacute; thể do chạm v&agrave;o bề mặt bị &ocirc; nhiễm bởi c&aacute;c giọt nhiễm bệnh rồi chạm v&agrave;o miệng, mũi hoặc mắt.</p>\r\n\r\n<p style=\"text-align:justify\">Thời gian ủ bệnh của c&uacute;m B từ một đến 4 ng&agrave;y kể từ khi bị nhiễm virus. Trẻ em v&agrave; những người c&oacute; hệ thống miễn dịch suy yếu c&oacute; thể c&oacute; thời gian ủ bệnh l&acirc;u hơn.</p>\r\n\r\n<p style=\"text-align:justify\">Bệnh c&uacute;m B tiến triển thường l&agrave;nh t&iacute;nh. Tuy nhi&ecirc;n, người c&oacute; bệnh l&yacute; mạn t&iacute;nh về tim mạch, h&ocirc; hấp, bị suy giảm miễn dịch, cao tuổi v&agrave; trẻ em c&oacute; thể bị biến chứng nặng v&agrave; nguy hiểm hơn. Trong đ&oacute;, bệnh c&oacute; thể g&acirc;y vi&ecirc;m phổi nặng, suy đa phủ tạng dẫn đến tử vong.</p>\r\n\r\n<h3 style=\"text-align:justify\">Triệu chứng của bệnh c&uacute;m B</h3>\r\n\r\n<p style=\"text-align:justify\">C&aacute;c b&aacute;c sĩ Bệnh viện Đa khoa tỉnh Cao Bằng cho biết triệu chứng của bệnh c&uacute;m B kh&ocirc;ng qu&aacute; r&otilde; r&agrave;ng so với c&uacute;m th&ocirc;ng thường. Tuy nhi&ecirc;n, người mắc c&uacute;m B c&oacute; triệu chứng xuất hiện tr&ecirc;n nhiều bộ phận của cơ thể. Trong đ&oacute;, c&aacute;c biểu hiện to&agrave;n th&acirc;n l&agrave; vi&ecirc;m long đường h&ocirc; hấp tr&ecirc;n, với triệu chứng ho, sốt cao, đau đầu, đau họng, đau mỏi người, đau xương khớp, mệt mỏi, cảm thấy kiệt sức.</p>\r\n\r\n<p style=\"text-align:justify\">Trẻ em bị c&uacute;m cũng c&oacute; thể c&oacute; c&aacute;c triệu chứng ti&ecirc;u h&oacute;a (buồn n&ocirc;n, n&ocirc;n mửa v&agrave; ti&ecirc;u chảy). Mặc d&ugrave; một số triệu chứng c&uacute;m c&oacute; thể tương tự như cảm lạnh v&agrave; đa số sẽ b&igrave;nh phục sau 1-2 tuần, ho v&agrave; mệt mỏi c&oacute; thể k&eacute;o d&agrave;i hơn 2 tuần.</p>\r\n\r\n<p style=\"text-align:center\"><img alt=\"Phan biet cum B anh 1\" src=\"https://znews-photo.zingcdn.me/w1200/Uploaded/gtnvzv/2022_11_29/7ed952ab712cb172e83d.jpg\" style=\"height:675px; width:900px\" /></p>\r\n\r\n<p style=\"text-align:justify\">Ở hệ h&ocirc; hấp, bệnh nh&acirc;n kh&ocirc;ng c&oacute; triệu chứng điển h&igrave;nh của nhiễm c&uacute;m, m&agrave; thường c&oacute; biểu hiện nhầm lẫn với vi&ecirc;m long đường h&ocirc; hấp. Ch&iacute;nh v&igrave; điều n&agrave;y, người bệnh kh&ocirc;ng thể tự nhận biết, ph&acirc;n biệt được, dễ nhầm lẫn nhiễm c&uacute;m B v&agrave; cảm lạnh th&ocirc;ng thường.</p>\r\n\r\n<p style=\"text-align:justify\">Tuy nhi&ecirc;n, người d&acirc;n cần dựa v&agrave;o c&aacute;c triệu chứng kh&aacute;c để ph&aacute;n đo&aacute;n bệnh t&igrave;nh v&agrave; gặp b&aacute;c sĩ để được thăm kh&aacute;m, điều trị sớm.</p>\r\n\r\n<p style=\"text-align:justify\">Ở hệ ti&ecirc;u ho&aacute;, người mắc c&uacute;m B c&oacute; thể c&oacute; biểu hiện buồn n&ocirc;n. Ở trẻ em, b&eacute; thường n&ocirc;n nhiều, k&egrave;m theo đau bụng, ti&ecirc;u chảy, ch&aacute;n ăn, ăn kh&ocirc;ng ngon&hellip; D&ugrave; l&agrave; bệnh l&yacute; l&agrave;nh t&iacute;nh nhưng c&uacute;m B cũng c&oacute; thể g&acirc;y n&ecirc;n c&aacute;c biến chứng nguy hiểm như: Vi&ecirc;m phổi, vi&ecirc;m phế quản, suy h&ocirc; hấp cấp t&iacute;nh, vi&ecirc;m cơ tim, suy thận, nhiễm tr&ugrave;ng huyết...</p>\r\n\r\n<h3 style=\"text-align:justify\">Dấu hiệu cần nhập viện</h3>\r\n\r\n<p style=\"text-align:justify\">C&uacute;m chưa c&oacute; biến chứng, nghĩa l&agrave; loại nhẹ, c&oacute; biểu hiện hội chứng c&uacute;m đơn thuần. C&uacute;m c&oacute; biến chứng l&agrave; ca bệnh nghi ngờ hoặc x&aacute;c định c&oacute; tổn thương ở phổi, với biểu hiện suy h&ocirc; hấp tr&ecirc;n l&acirc;m s&agrave;ng, thở nhanh, kh&oacute; thở, Sp02 giảm&hellip; Bệnh nh&acirc;n c&oacute; hoặc k&egrave;m theo c&aacute;c biến chứng thứ ph&aacute;t như vi&ecirc;m xoang, vi&ecirc;m phổi do bội nhiễm vi khuẩn, sốc nhiễm khuẩn, suy đa phủ tạng.</p>\r\n\r\n<p style=\"text-align:justify\">Người bệnh c&oacute; c&aacute;c dấu hiệu nặng l&ecirc;n của bệnh l&yacute; mạn t&iacute;nh k&egrave;m theo (bệnh phổi, bệnh gan, suy thận, tiểu đường, bệnh tim mạch, bệnh về m&aacute;u).</p>\r\n\r\n<p style=\"text-align:justify\"><strong>Trường hợp nguy cơ dễ mắc c&uacute;m biến chứng:</strong></p>\r\n\r\n<ul>\r\n	<li style=\"text-align: justify;\">Trẻ em dưới 5 tuổi, đặc biệt trẻ dưới 2 tuổi. Trẻ mắc những bệnh mạn t&iacute;nh, chậm ph&aacute;t triển tr&iacute; tuệ hoặc vận động, hen phế quản, tim bẩm sinh, suy thận mạn, xơ gan; Ttrẻ suy dinh dưỡng hoặc b&eacute;o ph&igrave;; suy giảm miễn dịch bẩm sinh...</li>\r\n	<li style=\"text-align: justify;\">Người cao tuổi tr&ecirc;n 65 tuổi.</li>\r\n	<li style=\"text-align: justify;\">Phụ nữ c&oacute; thai.</li>\r\n	<li style=\"text-align: justify;\">Người lớn mắc c&aacute;c bệnh mạn t&iacute;nh v&agrave; suy giảm miễn dịch (bệnh nh&acirc;n đang điều trị thuốc chống ung thư, HIV/AIDS.</li>\r\n	<li>\r\n	<h3 style=\"text-align:justify\">Cần l&agrave;m g&igrave; khi nghi ngờ mắc c&uacute;m B?</h3>\r\n\r\n	<p style=\"text-align:justify\">Với c&aacute;c triệu chứng dễ nhầm lẫn n&ecirc;n nhiều người bệnh thường chủ quan, dẫn đến c&aacute;c biến chứng khi nhiễm c&uacute;m B. V&igrave; vậy, nếu c&oacute; c&aacute;c biểu hiện nghi ngờ, người d&acirc;n cần đến ngay cơ sở y tế để điều trị kịp thời, tr&aacute;nh để bệnh k&eacute;o d&agrave;i v&agrave; nặng th&ecirc;m.</p>\r\n\r\n	<p style=\"text-align:justify\">T&ugrave;y từng trường hợp, c&aacute;c b&aacute;c sĩ sẽ chỉ định cụ thể. Bệnh nh&acirc;n mắc c&uacute;m B c&oacute; biến chứng sẽ được nhập viện để điều trị. Người mắc c&uacute;m B chưa biến chứng c&oacute; thể kh&ocirc;ng cần x&eacute;t nghiệm hoặc điều trị c&uacute;m tại cơ sở y tế nếu triệu chứng nhẹ.</p>\r\n\r\n	<p style=\"text-align:justify\">Khi c&oacute; triệu chứng nặng l&ecirc;n hoặc người bệnh lo lắng về t&igrave;nh trạng sức khỏe, bạn n&ecirc;n đến cơ sở y tế để được tư vấn v&agrave; chăm s&oacute;c.</p>\r\n\r\n	<p style=\"text-align:justify\">Để ph&ograve;ng bệnh c&uacute;m B cũng như c&aacute;c bệnh l&acirc;y nhiễm kh&aacute;c, người bệnh cần đeo khẩu trang khi tiếp x&uacute;c với người bệnh nghi nhiễm c&uacute;m, tăng cường rửa tay, giữ vệ sinh h&ocirc; hấp khi ho khạc. H&atilde;y tr&aacute;nh tập trung đ&ocirc;ng người khi c&oacute; dịch xảy ra.</p>\r\n\r\n	<p style=\"text-align:justify\">Đối với người nghi ngờ mắc c&uacute;m B, bạn cần ph&ograve;ng l&acirc;y nhiễm từ người bệnh, c&aacute;ch ly ở buồng ri&ecirc;ng, thường xuy&ecirc;n l&agrave;m sạch v&agrave; khử khuẩn buồng bệnh, quần &aacute;o, dụng cụ. Người d&acirc;n n&ecirc;n ti&ecirc;m ph&ograve;ng vaccine c&uacute;m h&agrave;ng năm, nhất l&agrave; nh&oacute;m c&oacute; nguy cơ cao l&acirc;y nhiễm.</p>\r\n\r\n	<p style=\"text-align:justify\">B&ecirc;n cạnh đ&oacute;, người d&acirc;n tuyệt đối kh&ocirc;ng tự &yacute; mua, sử dụng thuốc kh&aacute;ng virus (như Tamiflu) m&agrave; cần phải theo hướng dẫn v&agrave; c&oacute; chỉ định của thầy thuốc.</p>\r\n\r\n	<p style=\"text-align:justify\">Đặc biệt, khi c&oacute; triệu chứng ho, sốt, sổ mũi, đau đầu, mệt mỏi..., bạn cần đến ngay cơ sở y tế để được kh&aacute;m, tư vấn v&agrave; điều trị kịp thời.</p>\r\n	</li>\r\n</ul>', '1669899962_7ed952ab712cb172e83d.jpg', 1, 0, 10, 1, '2022-12-01 06:06:02', '2022-12-01 06:06:02'),
(23, 'Tín hiệu Trung Quốc có thể điều chỉnh chiến lược chống dịch', 'tin-hieu-trung-quoc-co-the-dieu-chinh-chien-luoc-chong-dich', 'Phó thủ tướng Trung Quốc Tôn Xuân Lan cho biết nước này đang bước vào “giai đoạn và nhiệm vụ mới” trong kiểm soát đại dịch Covid-19.', '<p style=\"text-align:center\"><img src=\"https://znews-photo.zingcdn.me/w960/Uploaded/gtntnn/2022_12_01/2022_11_30T091658Z_861835513_RC26WX9GGJTQ_RTRMADP_3_HEALTH_CORONAVIRUS_CHINA.JPG\" /></p>\r\n\r\n<p style=\"text-align:justify\">Ph&oacute; thủ tướng T&ocirc;n Xu&acirc;n Lan h&ocirc;m 30/11 đ&atilde; nhấn mạnh tầm quan trọng của việc kh&ocirc;ng ngừng tối ưu h&oacute;a biện ph&aacute;p ứng ph&oacute; Covid-19,&nbsp;<em>T&acirc;n Hoa x&atilde;</em>&nbsp;đưa tin.</p>\r\n\r\n<p style=\"text-align:justify\">B&agrave; cho biết đất nước đang đứng trước t&igrave;nh h&igrave;nh mới, nhiệm vụ mới trong c&ocirc;ng t&aacute;c ph&ograve;ng chống dịch khi khả năng g&acirc;y bệnh của biến chủng Omicron yếu đi, nhiều người d&acirc;n được ti&ecirc;m ph&ograve;ng hơn v&agrave; kinh nghiệm ngăn chặn virus được t&iacute;ch lũy.</p>\r\n\r\n<p style=\"text-align:justify\">B&agrave; k&ecirc;u gọi c&aacute;c nỗ lực nhằm tối ưu h&oacute;a hơn nữa biện ph&aacute;p ứng ph&oacute; với Covid-19, cải thiện biện ph&aacute;p chẩn đo&aacute;n, x&eacute;t nghiệm, điều trị v&agrave; c&aacute;ch ly, tăng cường ti&ecirc;m chủng cho to&agrave;n d&acirc;n, đặc biệt l&agrave; người cao tuổi, đồng thời đẩy mạnh việc chuẩn bị thuốc c&ugrave;ng những nguồn lực y tế kh&aacute;c.</p>\r\n\r\n<p style=\"text-align:justify\">Cũng theo b&agrave; T&ocirc;n, trong ba năm qua, Trung Quốc lu&ocirc;n đặt sức khỏe v&agrave; sự an to&agrave;n của người d&acirc;n l&ecirc;n h&agrave;ng đầu, đồng thời xử l&yacute; hiệu quả những bất ổn của t&igrave;nh h&igrave;nh Covid-19 bằng chiến lược nhất qu&aacute;n v&agrave; c&aacute;c biện ph&aacute;p linh hoạt để chống lại virus.</p>\r\n\r\n<p style=\"text-align:justify\">Tuy&ecirc;n bố mới của ph&oacute; thủ tướng Trung Quốc được đưa ra tại Ủy ban Y tế Quốc gia, sau khi b&agrave; lắng nghe &yacute; kiến ​​​​v&agrave; đề xuất của c&aacute;c chuy&ecirc;n gia về việc cải thiện biện ph&aacute;p ngăn chặn dịch bệnh.</p>\r\n\r\n<p style=\"text-align:center\"><img alt=\"covid-19 Trung Quoc anh 1\" src=\"https://znews-photo.zingcdn.me/w860/Uploaded/gtntnn/2022_12_01/d89d7ea2a53746a2b3e2f6c9d52c441e.jpeg\" /></p>\r\n\r\n<p style=\"text-align:justify\"><em>Guardian</em>&nbsp;nhận định tuy&ecirc;n bố n&agrave;y dường như l&agrave; dấu hiệu cho thấy sự thay đổi trong c&aacute;ch tiếp cận của ch&iacute;nh phủ với Covid-19.</p>\r\n\r\n<p style=\"text-align:justify\">H&ocirc;m 1/12, 24 quận ở Thượng Hải được chỉ định l&agrave; &ldquo;rủi ro cao&rdquo; đ&atilde; dỡ bỏ c&aacute;c biện ph&aacute;p phong tỏa, truyền th&ocirc;ng nh&agrave; nước Trung Quốc cho biết.</p>\r\n\r\n<p style=\"text-align:justify\">Trước đ&oacute;, c&aacute;c quận Thi&ecirc;n H&agrave;, T&ograve;ng H&oacute;a, Phi&ecirc;n Ngung v&agrave; Hoa Đ&ocirc; thuộc th&agrave;nh phố Quảng Ch&acirc;u, Trung Quốc đ&atilde; th&ocirc;ng b&aacute;o dỡ bỏ hạn chế trong v&ugrave;ng kiểm so&aacute;t tạm thời v&agrave;o ng&agrave;y 30/11, theo&nbsp;<em>Ho&agrave;n Cầu thời b&aacute;o.</em></p>\r\n\r\n<p style=\"text-align:justify\">Trong cuộc họp b&aacute;o c&ugrave;ng ng&agrave;y, b&agrave; Zhang Yi, Ph&oacute; gi&aacute;m đốc v&agrave; l&agrave; người ph&aacute;t ng&ocirc;n của Ủy ban Y tế th&agrave;nh phố Quảng Ch&acirc;u, cũng c&ocirc;ng bố kế hoạch tối ưu h&oacute;a c&aacute;c biện ph&aacute;p ph&ograve;ng ngừa v&agrave; kiểm so&aacute;t dịch bệnh.</p>\r\n\r\n<p style=\"text-align:justify\">&ldquo;Việc phong tỏa n&ecirc;n được thực hiện v&agrave; dỡ bỏ nhanh ch&oacute;ng, cũng như kết th&uacute;c khi đến (thời điểm th&iacute;ch hợp), nhằm giảm thiểu sự bất tiện cho người d&acirc;n&rdquo;, b&agrave; Zhang Yi cho biết, theo&nbsp;<em>South China Morning Post.</em></p>\r\n\r\n<p style=\"text-align:justify\">Ủy ban Y tế quốc gia Trung Quốc (NHC) cho biết trong ng&agrave;y 30/11, quốc gia n&agrave;y ghi nhận 36.061 ca nhiễm mới, trong đ&oacute; 4.150 ca c&oacute; triệu chứng v&agrave; 31.911 ca kh&ocirc;ng c&oacute; triệu chứng.</p>', '1669900049_2022_11_30T091658Z_861835513_RC26WX9GGJTQ_RTRMADP_3_HEALTH_CORONAVIRUS_CHINA.jpg', 1, 0, 10, 1, '2022-12-01 06:07:29', '2022-12-01 06:07:29'),
(24, 'Việt Nam ghi nhận thêm một ca tử vong do Covid-19', 'viet-nam-ghi-nhan-them-mot-ca-tu-vong-do-covid-19', 'Hôm nay, số ca nhiễm nCoV tại Việt Nam tăng hơn 90 ca so với ngày trước đó và có một trường hợp tử vong được ghi nhận tại thành phố Cần Thơ', '<p style=\"text-align:center\"><img src=\"https://znews-photo.zingcdn.me/w960/Uploaded/moguvt/2022_12_01/1_zing_1.jpg\" style=\"height:600px; width:900px\" /></p>\r\n\r\n<p style=\"text-align:justify\">Theo th&ocirc;ng tin từ Bộ Y tế tối 1/12, trong 24 giờ qua, Việt Nam ghi nhận 581 trường hợp mắc Covid-19, tăng 96 ca so với ng&agrave;y trước đ&oacute;.</p>\r\n\r\n<p style=\"text-align:justify\">Kể từ đầu dịch đến nay, nước ta c&oacute; 11.516.489 ca nhiễm, đứng thứ 13/230 quốc gia v&agrave; v&ugrave;ng l&atilde;nh thổ.</p>\r\n\r\n<p style=\"text-align:justify\">Trong ng&agrave;y, Việt Nam ghi nhận th&ecirc;m một ca tử vong do Covid-19 tại th&agrave;nh phố Cần Thơ. Tổng số ca tử vong do Covid-19 tại Việt Nam t&iacute;nh đến nay l&agrave; 43.176 ca, chiếm tỷ lệ 0,4% so với tổng số ca nhiễm. Tổng số ca tử vong xếp thứ 26/230 v&ugrave;ng l&atilde;nh thổ, số ca tử vong tr&ecirc;n một triệu d&acirc;n xếp thứ 139/230 quốc gia, v&ugrave;ng l&atilde;nh thổ tr&ecirc;n thế giới.</p>\r\n\r\n<p style=\"text-align:justify\">Theo Cục Quản l&yacute; Kh&aacute;m, Chữa bệnh, cả nước hiện điều trị cho 45 bệnh nh&acirc;n Covid-19 phải thở oxy, trong đ&oacute;, 38 ca thở qua mặt nạ, 4 ca thở oxy d&ograve;ng cao HFNC v&agrave; 3 ca phải thở m&aacute;y x&acirc;m lấn.</p>\r\n\r\n<p style=\"text-align:justify\">Trong ng&agrave;y 30/11, cả nước c&oacute; 100.761 liều vaccine ph&ograve;ng Covid-19 được ti&ecirc;m. Như vậy, tổng số liều vaccine đ&atilde; được ti&ecirc;m l&agrave; 264.486.568 liều.</p>\r\n\r\n<p style=\"text-align:justify\">Cụ thể, số liều ti&ecirc;m cho người từ 18 tuổi trở l&ecirc;n l&agrave; 222.984.241 liều: Mũi 1 l&agrave; 71.078.249 liều; mũi 2 l&agrave; 68.684.449 liều; mũi bổ sung l&agrave; 14.500.267 liều; mũi nhắc lại lần 1 l&agrave; 51.594.088 liều; mũi nhắc lại lần 2 l&agrave; 17.127.188 liều.</p>\r\n\r\n<p style=\"text-align:justify\">Số liều ti&ecirc;m cho trẻ 12-17 tuổi l&agrave; 23.789.969 liều: Mũi 1 l&agrave; 9.125.936 liều; mũi 2 l&agrave; 8.942.019 liều; mũi nhắc lại lần 1 l&agrave; 5.722.014 liều.</p>\r\n\r\n<p style=\"text-align:justify\">Số liều ti&ecirc;m cho trẻ 5-11 tuổi l&agrave; 17.712.358 liều: Mũi 1 l&agrave; 10.133.139 liều; mũi 2 l&agrave; 7.579.219 liều.</p>', '1669900140_1_zing_1.jpg', 1, 0, 10, 1, '2022-12-01 06:09:00', '2022-12-01 06:09:00'),
(25, 'Tác động của virus Zika đối với thai nhi', 'tac-dong-cua-virus-zika-doi-voi-thai-nhi', 'Nhóm nghiên cứu tại Mỹ vừa công bố kết quả nghiên cứu về tác động của virus Zika lên quá trình phát triển của những trẻ bị phơi nhiễm trước khi chào đời.', '<p style=\"text-align:center\"><img src=\"https://znews-photo.zingcdn.me/w960/Uploaded/dagttz/2022_12_01/zika.jpg\" /></p>\r\n\r\n<p style=\"text-align:justify\">Trẻ em tiếp x&uacute;c với virus Zika c&oacute; thể cần được hỗ trợ nhiều hơn khi bắt đầu đi học, ngay cả khi ch&uacute;ng kh&ocirc;ng được chẩn đo&aacute;n mắc c&aacute;c dị tật bẩm sinh li&ecirc;n quan đến virus n&agrave;y v&agrave; hội chứng Zika bẩm sinh (CZS).</p>\r\n\r\n<p style=\"text-align:justify\">Những ph&aacute;t hiện n&agrave;y đ&atilde; được c&ocirc;ng bố v&agrave;o ng&agrave;y 29 th&aacute;ng 11 tr&ecirc;n tạp ch&iacute;&nbsp;<em>Nghi&ecirc;n cứu Nhi khoa</em>. Theo đ&oacute;, trẻ em vẫn c&oacute; thể c&oacute; sự kh&aacute;c biệt trong qu&aacute; tr&igrave;nh ph&aacute;t triển n&atilde;o bộ, bao gồm cả những kh&aacute;c biệt về kỹ năng tư duy, t&acirc;m trạng v&agrave; khả năng vận động d&ugrave; c&aacute;c nh&agrave; nghi&ecirc;n cứu cho biết một số điểm được x&aacute;c định trong nghi&ecirc;n cứu c&oacute; thể l&agrave; thước đo sự lo lắng của cha mẹ hơn l&agrave; sự kh&aacute;c biệt thực sự.</p>\r\n\r\n<p style=\"text-align:justify\">Tiến sĩ Sarah Mulkey, nh&agrave; thần kinh học tiền sản - sơ sinh tại Bệnh viện Nhi đồng Quốc gia ở Washington, D.C., cho biết: &ldquo;Vẫn c&ograve;n nhiều c&acirc;u hỏi chưa được trả lời về t&aacute;c động l&acirc;u d&agrave;i của Zika đối với trẻ em bị phơi nhiễm trong tử cung. Những ph&aacute;t hiện n&agrave;y l&agrave; một phần kh&aacute;c của nghi&ecirc;n cứu nhằm cung cấp c&aacute;i nh&igrave;n s&acirc;u sắc về sự ph&aacute;t triển thần kinh l&acirc;u d&agrave;i của nh&oacute;m trẻ em n&agrave;y&quot;.</p>\r\n\r\n<p style=\"text-align:justify\">B&agrave; cho biết giới nghi&ecirc;n cứu cần đ&aacute;nh gi&aacute; th&ecirc;m t&igrave;nh h&igrave;nh khi những đứa trẻ n&agrave;y lớn l&ecirc;n. Thực tế, những trẻ phơi nhiễm trước khi sinh với virus Zika trong đợt dịch 2015-2017 nay đ&atilde; đến tuổi đi học.</p>\r\n\r\n<p style=\"text-align:justify\">Nh&oacute;m của tiến sĩ Mulkey đ&atilde; nghi&ecirc;n cứu sự ph&aacute;t triển n&atilde;o bộ của 55 trẻ ở Sabanalarga, Colombia, hiện từ 3 đến 5 tuổi. C&aacute;c em từng tiếp x&uacute;c với Zika trong bụng mẹ. Nh&oacute;m nghi&ecirc;n cứu tiến h&agrave;nh so s&aacute;nh những trẻ n&agrave;y với 70 trẻ kh&aacute;c trong độ tuổi 4-5, kh&ocirc;ng bị phơi nhiễm với Zika trước khi ch&agrave;o đời.</p>\r\n\r\n<p style=\"text-align:justify\">Những đứa trẻ được kiểm tra về sự kh&eacute;o l&eacute;o trong thủ c&ocirc;ng (chẳng hạn cho đồng xu qua khe), nhắm mục ti&ecirc;u v&agrave; bắt, giữ thăng bằng c&ugrave;ng nhận ​thức về m&agrave;u sắc, chữ c&aacute;i, con số, h&igrave;nh dạng.</p>\r\n\r\n<p style=\"text-align:justify\">Cha mẹ của họ tự ho&agrave;n th&agrave;nh việc cung cấp th&ocirc;ng tin về chức năng t&acirc;m thần của trẻ, bao gồm tr&iacute; nhớ, khả năng kiểm so&aacute;t cảm x&uacute;c; điều kiện h&agrave;nh vi, thể chất, chẳng hạn tr&aacute;ch nhiệm v&agrave; độ linh động; cảm x&uacute;c của ch&iacute;nh trẻ về c&aacute;ch nu&ocirc;i dạy của bố mẹ, bao gồm cả việc trẻ c&oacute; cảm thấy đau khổ hay kh&ocirc;ng.</p>\r\n\r\n<p style=\"text-align:justify\">C&aacute;c nh&agrave; nghi&ecirc;n cứu nhận thấy mặc d&ugrave; cha mẹ của những đứa trẻ bị phơi nhiễm Zika cho biết mức độ linh động v&agrave; tr&aacute;ch nhiệm của con c&aacute;i họ thấp hơn đ&aacute;ng kể so với nh&oacute;m đối chứng, sự kh&aacute;c biệt về điểm kiểm tra nhận thức kh&ocirc;ng đ&aacute;ng kể.</p>\r\n\r\n<p style=\"text-align:justify\">Cha mẹ của 6 đứa trẻ bị phơi nhiễm Zika, tương đương 11%, cho biết con của họ c&oacute; vấn đề về t&acirc;m trạng so với 1% trẻ đối chứng. Cha mẹ của những đứa trẻ bị nhiễm Zika cũng b&aacute;o c&aacute;o t&igrave;nh trạng đau khổ cao hơn. Thử nghiệm của c&aacute;c chuy&ecirc;n gia cho thấy kh&ocirc;ng c&oacute; sự kh&aacute;c biệt đ&aacute;ng kể n&agrave;o về sự kh&eacute;o l&eacute;o của đ&ocirc;i tay ở trẻ em tiếp x&uacute;c với Zika. Cả hai nh&oacute;m đều c&oacute; điểm thấp về mức độ sẵn s&agrave;ng đi học.</p>\r\n\r\n<p style=\"text-align:justify\">C&aacute;c nh&agrave; nghi&ecirc;n cứu cho biết phản ứng của cha mẹ bị ảnh hưởng bởi sự lo lắng của họ về sự ph&aacute;t triển của con m&igrave;nh do phơi nhiễm Zika. Họ n&oacute;i th&ecirc;m rằng một số kh&aacute;c biệt c&oacute; thể do tuổi của trẻ.</p>', '1669900254_zika.jpg', 1, 0, 10, 1, '2022-12-01 06:10:54', '2022-12-01 06:10:54');
INSERT INTO `tintuc` (`id`, `tieude`, `tieudekhongdau`, `tomtat`, `noidung`, `hinh`, `noibat`, `soluotxem`, `id_loaitin`, `id_user`, `created_at`, `updated_at`) VALUES
(26, 'Argentina tìm ra lời giải cho \'bài toán Messi', 'argentina-tim-ra-loi-giai-cho--bai-toan-messi', 'Chiến thắng trước Ba Lan không chỉ mang tới suất đi tiếp tại bảng C cho ĐT Argentina, mà còn giúp ông Scaloni thử nghiệm thành công phương án giúp siêu sao của mình tỏa sáng', '<p>Lần thứ ba tại World Cup 2022, HLV Lionel Scaloni đưa ra những điều chỉnh mang t&iacute;nh hệ thống. Một mặt, việc gi&agrave;nh chiến thắng l&agrave; rất quan trọng, nhưng mặt kh&aacute;c, cuối c&ugrave;ng &ocirc;ng cũng c&oacute; trong tay một phương &aacute;n ph&ugrave; hợp nhất với hiện trạng cho đại diện của xứ sở tang</p>\r\n\r\n<h3>C&aacute;i kh&oacute; của Scaloni</h3>\r\n\r\n<p>Lối chơi của Argentina kh&ocirc;ng phải l&agrave; biến đổi kh&ocirc;n lường. N&oacute; đ&atilde; được định h&igrave;nh trong suốt 4 năm l&agrave;m việc đ&atilde; qua của &ocirc;ng Scaloni, v&agrave; ch&iacute;nh x&aacute;c hơn l&agrave; từ người tiền nghiệm Jorge Sampaoli.</p>\r\n\r\n<p>Scaloni duy tr&igrave; Argentina chơi b&oacute;ng với nền tảng l&agrave; việc chủ động kiểm so&aacute;t b&oacute;ng, x&acirc;y dựng một khung vận h&agrave;nh mở rộng tr&ecirc;n khắp chiều ngang của s&acirc;n v&agrave; từ đ&oacute; t&igrave;m kiếm những cơ hội đẩy nhanh nhịp độ thi đấu, tấn c&ocirc;ng chiều s&acirc;u. Argentina &iacute;t khi tấn c&ocirc;ng qua trung lộ, nhưng lu&ocirc;n chủ động cầm b&oacute;ng chắc ở trung lộ để từ đ&oacute; đ&aacute;nh nhanh xuống hai bi&ecirc;n.</p>\r\n\r\n<p>Lối chơi l&agrave; vậy, nhưng để t&igrave;m ra một hệ thống đủ tốt th&igrave; quả thực nhọc nhằn cho vị HLV trẻ tuổi nhất World Cup 2022. Qua mỗi giải đấu m&agrave; &ocirc;ng dẫn dắt, dường như lu&ocirc;n c&oacute; những vấn đề ở tuyển Argentina: con người, phong độ của trụ cột... Dường như chỉ c&oacute; một thứ l&agrave; bất biến: đẳng cấp của Lionel Messi v&agrave; Angel Di Maria.</p>\r\n\r\n<p>Chẳng hạn, một c&aacute;i t&ecirc;n đ&aacute;ng n&oacute;i l&agrave; Lautaro Martinez. Ch&acirc;n s&uacute;t 25 tuổi c&oacute; đ&oacute;ng g&oacute;p quan trọng để gi&uacute;p Albicelestes đăng quang Copa America 2021, nhưng lại thể hiện phong độ kh&aacute; kh&oacute; lường tại v&ograve;ng loại World Cup. Anh l&agrave; mẫu cầu thủ khi chơi tốt th&igrave; đạt ngay &quot;điểm 10&quot;, nhưng lại c&oacute; thời điểm khiến ai cũng phải ng&aacute;n ngẩm v&igrave; độ v&ocirc; duy&ecirc;n cho đội tuyển.</p>\r\n\r\n<p>Bước v&agrave;o World Cup năm nay, Martinez đ&atilde; 2 lần l&agrave;m Scaloni thất vọng, qua 2 trận đầu ti&ecirc;n. Chẳng biết c&oacute; phải ngẫu nhi&ecirc;n kh&ocirc;ng, nhưng c&oacute; vẻ ch&iacute;nh phong độ thấp của anh gi&uacute;p cho &ocirc;ng Scaloni t&igrave;m ra lời giải cho &quot;b&agrave;i to&aacute;n Messi&quot;.</p>\r\n\r\n<h3>Qu&aacute; tam ba bận</h3>\r\n\r\n<p>Messi b&acirc;y giờ đ&atilde; kh&aacute;c Messi khi xưa. Ai cũng nhớ về thời điểm anh c&oacute; khả năng đi b&oacute;ng qua 6 cầu thủ đối phương v&agrave; khoan thủng mọi bức tường ph&ograve;ng ngự.</p>\r\n\r\n<p>Nhưng hiện tại của Messi l&agrave; một nhạc trưởng, cầu thủ c&oacute; khả năng xử l&yacute; b&oacute;ng trong phạm vi si&ecirc;u hẹp, t&igrave;m kiếm những khoảng trống v&agrave; tung ra những đường chuyền l&agrave;m thay đổi thế trận. Messi b&acirc;y giờ kh&ocirc;ng chơi b&oacute;ng theo kiểu &quot;t&ocirc;i l&agrave; người giỏi nhất&quot; nữa. Anh đang chơi b&oacute;ng để những người xung quanh giỏi hơn.</p>\r\n\r\n<p>3 trận tại bảng C l&agrave; 3 khung sơ đồ kh&aacute;c nhau m&agrave; HLV Scaloni &aacute;p dụng. Trận đầu ti&ecirc;n, &ocirc;ng đưa ra sơ đồ 4-4-2, với Lautaro Martinez chơi ph&iacute;a trước Messi, hai c&aacute;nh l&agrave; Papu Gomez v&agrave; Angel Di Maria.</p>\r\n\r\n<p>Papu Gomez đ&atilde; chơi kh&ocirc;ng tồi, nhưng hệ thống n&agrave;y của &ocirc;ng Scaloni đ&atilde; kh&ocirc;ng gi&uacute;p cho Messi ph&aacute;t tiết được hết khả năng của anh. Điển h&igrave;nh l&agrave; những c&uacute; đẩy b&oacute;ng về hướng ch&acirc;n tr&aacute;i trước khi tung ra những pha chuyển hướng l&agrave;m thế trận v&agrave; nhịp độ ph&ograve;ng ngự của đối phương của x&ocirc; lệch.</p>\r\n\r\n<p>Những pha chuyển hướng, mở b&oacute;ng ra bi&ecirc;n tr&aacute;i ấy kh&ocirc;ng phải qu&aacute; đặc biệt nếu chỉ nghe m&ocirc; tả. Điểm đặc biệt của n&oacute; l&agrave; t&iacute;nh thời điểm v&agrave; t&iacute;nh ch&iacute;nh x&aacute;c đ&aacute;ng kinh ngạc. Tại CLB Barcelona, đ&atilde; kh&ocirc;ng &iacute;t trận đấu được giải quyết ho&agrave;n to&agrave;n bằng những đường chuyền như vậy của Messi tới ch&acirc;n Jordi Alba.</p>\r\n\r\n<p>Khi Papu Gomez b&oacute; v&agrave;o b&ecirc;n trong, Nico Tagliafico thường giữ vị tr&iacute; kh&aacute; thấp theo kiểu hậu vệ tr&aacute;i truyền thống. Anh n&agrave;y kh&ocirc;ng đủ sự nhạy cảm v&agrave; tốc độ để băng l&ecirc;n. Bản th&acirc;n Messi cũng &iacute;t khi thực hiện pha chuyển hướng sở trường, đơn giản bởi anh cầm b&oacute;ng th&igrave; kh&ocirc;ng thấy điểm đến n&agrave;o b&ecirc;n bi&ecirc;n tr&aacute;i.</p>\r\n\r\n<p>Sang tới trận gặp Mexico, &ocirc;ng Scaloni chuyển sang bộ khung 3-4-3 khi tấn c&ocirc;ng, với Marcos Acuna chạy c&aacute;nh tr&aacute;i. Acuna kh&ocirc;ng chỉ được ph&eacute;p giữ vị tr&iacute; cao hơn tại bi&ecirc;n tr&aacute;i m&agrave; c&ograve;n l&agrave; một cầu thủ c&oacute; khả năng tấn c&ocirc;ng xuy&ecirc;n ph&aacute; tốt hơn so với Tagliafico.</p>\r\n\r\n<p>D&ugrave; vậy, Lautaro Martinez tiếp tục g&acirc;y thất vọng, ngo&agrave;i ra hệ thống ph&ograve;ng ngự với 2 h&agrave;ng ngang 4 người (do Messi v&agrave; Martinez ở lại ph&iacute;a tr&ecirc;n) vẫn c&oacute; những điểm yếu tiềm t&agrave;ng.</p>\r\n\r\n<p>Sang tới trận thứ ba, lần n&agrave;y HLV Scaloni dường như đ&atilde; c&oacute; được một hệ thống ưng &yacute; nhất. Điểm nhấn quan trọng l&agrave; Julian Alvarez, c&aacute;i t&ecirc;n thay thế Lautaro.</p>\r\n\r\n<p>Alvarez l&agrave; một cầu thủ t&iacute;ch hợp khả năng của cả một tiền đạo lẫn một tiền vệ bi&ecirc;n. Anh gi&agrave;u năng lượng, cần mẫn để hỗ trợ ph&ograve;ng ngự bi&ecirc;n, cũng như đủ sắc b&eacute;n để nhập v&agrave;o v&ograve;ng cấm trong vai tr&ograve; số 9 khi tấn c&ocirc;ng.</p>\r\n\r\n<p>Khi Argentina ph&ograve;ng thủ, t&acirc;n binh của Manchester City sẽ đ&oacute;ng hoạt động như một tiền vệ tr&aacute;i trong sơ đồ 4-3-3. Kh&aacute;c với việc Lautaro Martinez c&ugrave;ng Messi &quot;giải lao&quot; tr&ecirc;n cao, giờ đ&acirc;y chỉ c&oacute; Messi được nghỉ ngơi. Những người kh&aacute;c đều phải l&agrave;m việc v&agrave; c&ograve;n ai l&agrave;m việc chăm chỉ hơn Julian Alvarez. Số lượng v&agrave; chất lượng ph&ograve;ng ngự đều tăng.</p>\r\n\r\n<p><img alt=\"Messi Argentina anh 3\" src=\"https://znews-photo.zingcdn.me/w1920/Uploaded/ofh_huqfztmf/2022_12_01/Messi_switch.jpg\" style=\"height:506px; width:900px\" /></p>\r\n\r\n<p>Khi c&oacute; b&oacute;ng, Argentina sẽ chủ động giảm nhịp độ lại v&agrave; chuyển tiếp th&agrave;nh sơ đồ 3-4-3. Alvarez sẽ di chuyển v&agrave;o b&ecirc;n trong trở th&agrave;nh tiền đạo, Acuna đẩy l&ecirc;n cao, Messi v&agrave; Mac Allister chơi sau lưng Alvarez.</p>\r\n\r\n<p>Hệ thống n&agrave;y kh&ocirc;ng chỉ gi&uacute;p Messi tự do t&igrave;m kiếm khoảng trống v&agrave; nhận b&oacute;ng trong kh&ocirc;ng gian sở trường, m&agrave; c&ograve;n đặt Acuna v&agrave;o khu vực để Messi tung ra những pha chuyển hướng sở trường.</p>\r\n\r\n<p>Tổng cộng Messi đ&atilde; tung ra 5 đường chuyền theo dạng n&agrave;y cho Acuna. V&agrave; đ&oacute; cũng chỉ l&agrave; một phần để thể hiện rằng Argentina đ&atilde; chơi tốt. Ngo&agrave;i việc tạo ra điều kiện để số 10 chơi tốt, những mắt x&iacute;ch trẻ như Alvarez, Enzo Fernandez, Mac Allister đều đ&atilde; thể hiện được chất lượng của bản th&acirc;n, thậm ch&iacute; tỏa s&aacute;ng bằng những b&agrave;n thắng.</p>\r\n\r\n<p>C&oacute; vẻ như &ocirc;ng Scaloni đ&atilde; t&igrave;m ra lời giải cho kỳ World Cup năm nay.</p>', '1669900415_2022_11_30T213947Z_2043543939_UP1EIBU1MSPRI_RTRMADP_3_SOCCER_WORLDCUP_POL_ARG_REPORT_1.jpg', 1, 0, 7, 1, '2022-12-01 06:13:35', '2022-12-01 06:13:35');

-- --------------------------------------------------------

--
-- Table structure for table `users`
--

CREATE TABLE `users` (
  `id` bigint(20) UNSIGNED NOT NULL,
  `hoten` varchar(255) NOT NULL,
  `email` varchar(255) NOT NULL,
  `quyen` int(11) NOT NULL,
  `email_verified_at` timestamp NULL DEFAULT NULL,
  `password` varchar(255) NOT NULL,
  `remember_token` varchar(100) DEFAULT NULL,
  `created_at` timestamp NULL DEFAULT NULL,
  `updated_at` timestamp NULL DEFAULT NULL
) ENGINE=InnoDB DEFAULT CHARSET=utf8mb4 COLLATE=utf8mb4_unicode_ci;

--
-- Dumping data for table `users`
--

INSERT INTO `users` (`id`, `hoten`, `email`, `quyen`, `email_verified_at`, `password`, `remember_token`, `created_at`, `updated_at`) VALUES
(1, 'Nguyễn Tuấn Kiệt', 'admin@gmail.com', 1, NULL, '$2y$10$HwBgWgqHzdXZ1YnsuseBDO8s6E9QtUrI63p3USsCf3KZqzMKj86Nm', NULL, '2022-11-15 21:12:08', '2022-11-15 21:12:08'),
(2, 'Trần Công Quyền', 'quyen@gmail.com', 1, NULL, '$2y$10$GhsZhKAvIHDtnWuIycZCgeUXM5EGHPusfw2bKMZp.TzuZTniWABcq', NULL, '2022-11-15 21:14:07', '2022-11-15 21:14:07'),
(4, 'Trương NgọcTuấn', 'tuan@gmail.com', 1, NULL, '$2y$10$tOL0bxuE3zcuLEaRbLdzTuepaf6vXpWg6X770IPqGRBuUtG4Fc0kC', NULL, '2022-11-15 21:17:03', '2022-11-17 22:17:56'),
(5, 'Nguyễn Đức Bình', 'binh@gmail.com', 0, NULL, '$2y$10$tnf5p4tpTpv7R8d8OpqsUunVaokdKE1K8l.SgnP9cTdSljSQA7Z.W', NULL, '2022-11-15 21:18:19', '2022-11-15 21:18:19');

--
-- Indexes for dumped tables
--

--
-- Indexes for table `binhluan`
--
ALTER TABLE `binhluan`
  ADD PRIMARY KEY (`id`),
  ADD KEY `binhluan_id_tintuc_foreign` (`id_tintuc`),
  ADD KEY `binhluan_id_user_foreign` (`id_user`);

--
-- Indexes for table `failed_jobs`
--
ALTER TABLE `failed_jobs`
  ADD PRIMARY KEY (`id`),
  ADD UNIQUE KEY `failed_jobs_uuid_unique` (`uuid`);

--
-- Indexes for table `loaitin`
--
ALTER TABLE `loaitin`
  ADD PRIMARY KEY (`id`),
  ADD KEY `loaitin_id_theloai_foreign` (`id_theloai`);

--
-- Indexes for table `migrations`
--
ALTER TABLE `migrations`
  ADD PRIMARY KEY (`id`);

--
-- Indexes for table `password_resets`
--
ALTER TABLE `password_resets`
  ADD KEY `password_resets_email_index` (`email`);

--
-- Indexes for table `personal_access_tokens`
--
ALTER TABLE `personal_access_tokens`
  ADD PRIMARY KEY (`id`),
  ADD UNIQUE KEY `personal_access_tokens_token_unique` (`token`),
  ADD KEY `personal_access_tokens_tokenable_type_tokenable_id_index` (`tokenable_type`,`tokenable_id`);

--
-- Indexes for table `theloai`
--
ALTER TABLE `theloai`
  ADD PRIMARY KEY (`id`);

--
-- Indexes for table `tintuc`
--
ALTER TABLE `tintuc`
  ADD PRIMARY KEY (`id`),
  ADD KEY `tintuc_id_loaitin_foreign` (`id_loaitin`),
  ADD KEY `tintuc_id_user_foreign` (`id_user`);

--
-- Indexes for table `users`
--
ALTER TABLE `users`
  ADD PRIMARY KEY (`id`),
  ADD UNIQUE KEY `users_email_unique` (`email`);

--
-- AUTO_INCREMENT for dumped tables
--

--
-- AUTO_INCREMENT for table `binhluan`
--
ALTER TABLE `binhluan`
  MODIFY `id` bigint(20) UNSIGNED NOT NULL AUTO_INCREMENT;

--
-- AUTO_INCREMENT for table `failed_jobs`
--
ALTER TABLE `failed_jobs`
  MODIFY `id` bigint(20) UNSIGNED NOT NULL AUTO_INCREMENT;

--
-- AUTO_INCREMENT for table `loaitin`
--
ALTER TABLE `loaitin`
  MODIFY `id` bigint(20) UNSIGNED NOT NULL AUTO_INCREMENT, AUTO_INCREMENT=11;

--
-- AUTO_INCREMENT for table `migrations`
--
ALTER TABLE `migrations`
  MODIFY `id` int(10) UNSIGNED NOT NULL AUTO_INCREMENT, AUTO_INCREMENT=14;

--
-- AUTO_INCREMENT for table `personal_access_tokens`
--
ALTER TABLE `personal_access_tokens`
  MODIFY `id` bigint(20) UNSIGNED NOT NULL AUTO_INCREMENT;

--
-- AUTO_INCREMENT for table `theloai`
--
ALTER TABLE `theloai`
  MODIFY `id` bigint(20) UNSIGNED NOT NULL AUTO_INCREMENT, AUTO_INCREMENT=10;

--
-- AUTO_INCREMENT for table `tintuc`
--
ALTER TABLE `tintuc`
  MODIFY `id` bigint(20) UNSIGNED NOT NULL AUTO_INCREMENT, AUTO_INCREMENT=27;

--
-- AUTO_INCREMENT for table `users`
--
ALTER TABLE `users`
  MODIFY `id` bigint(20) UNSIGNED NOT NULL AUTO_INCREMENT, AUTO_INCREMENT=6;

--
-- Constraints for dumped tables
--

--
-- Constraints for table `binhluan`
--
ALTER TABLE `binhluan`
  ADD CONSTRAINT `binhluan_id_tintuc_foreign` FOREIGN KEY (`id_tintuc`) REFERENCES `tintuc` (`id`) ON DELETE CASCADE,
  ADD CONSTRAINT `binhluan_id_user_foreign` FOREIGN KEY (`id_user`) REFERENCES `users` (`id`) ON DELETE CASCADE;

--
-- Constraints for table `loaitin`
--
ALTER TABLE `loaitin`
  ADD CONSTRAINT `loaitin_id_theloai_foreign` FOREIGN KEY (`id_theloai`) REFERENCES `theloai` (`id`) ON DELETE CASCADE;

--
-- Constraints for table `tintuc`
--
ALTER TABLE `tintuc`
  ADD CONSTRAINT `tintuc_id_loaitin_foreign` FOREIGN KEY (`id_loaitin`) REFERENCES `loaitin` (`id`) ON DELETE CASCADE,
  ADD CONSTRAINT `tintuc_id_user_foreign` FOREIGN KEY (`id_user`) REFERENCES `users` (`id`) ON DELETE CASCADE;
COMMIT;

/*!40101 SET CHARACTER_SET_CLIENT=@OLD_CHARACTER_SET_CLIENT */;
/*!40101 SET CHARACTER_SET_RESULTS=@OLD_CHARACTER_SET_RESULTS */;
/*!40101 SET COLLATION_CONNECTION=@OLD_COLLATION_CONNECTION */;
